eca6325658757e50a54cbaf70022e85b21c39c04,src/main/java,src/test/java
4e9f783aab5593b85cb4bbb745d45ad57bd5f280,src/main/java,src/test/java
76efc296e0c97c00bbd44cdf3cb56e5287d700c1,src/main/java,src/test/java
e1d93acb014b5f0d0b00d29a665a66f00c3fd01c,src/main/java,src/test/java
39300aa69562a3977a583cef7edf71dc7b77e7f2,src/main/java,src/test/java
4154a062f6fe28f5701ac75020cb2a4931a4e0d0,src/main/java,src/test/java
2620594c8739a2a196aab7ec673e483c0cd15ee5,src/main/java,src/test/java
00e59da2e4907c3d57130242f275442d8be248ac,src/main/java,src/test/java
0d96dfa479bd9f883340553fc3bbc098c9768712,src/main/java,src/test/java
6bedd13c4c58b8b4b6848ce25db5111814d9fb0a,src/main/java,src/test/java
1ff8295667c93bb986197ca85e4f260b28f5ca4c,src/main/java,src/test/java
027eb811c622c304ea0625442e765bb0059c49ca,src/main/java,src/test/java
037419a738a7f9187e33c1958d2d10f922de9510,src/main/java,src/test/java
7a2529cfe019536c82fa216178e966deeea4ce4d,src/main/java,src/test/java
