432832ec5f2bdaa64854ff5900be6e0c10b1e75e,src/main/java,src/test/java
fb848ca81f292d9f50231f741052f450c4b0f759,src/main/java,src/test/java
d69174bbf1485759699956183438d17657fd3c3d,src/main/java,src/test/java
e0a65e37efc380d87a9632042cb57db080b6525f,src/main/java,src/test/java
79894553af8f242b72539fd3b04287c83ac83518,src/main/java,src/test/java
5d45a428f2081dbc375f6d99f210aefe0bfd3a22,src/main/java,src/test/java
63df755df21ebba9f02a0d960bf29d0eebdbf311,src/main/java,src/test/java
589bd17d88bba01755227c23724707944df69995,src/main/java,src/test/java
70483606cc57d2b28a91994501a0d15dd3e1550e,src/main/java,src/test/java
b24f310891814077fbd4f7dd245ee8481b70e09d,src/main/java,src/test/java
41c421c4cb89546926dd0fa02fc6dd0f1ec2d74a,src/main/java,src/test/java
95be71ed4170314b3fae918187e661794bf054ff,src/main/java,src/test/java
968e3cc5209f23fd8fbbc95e2efa93025ebcae98,src/main/java,src/test/java
d350117cc2a0bd0727d9523cb0237497140be3bf,src/main/java,src/test/java
