134a50b1c7ee670814c85ed8917168786bdea9bb,src/main/java,src/test/java
8438989ca9b8bd113a9e4c4cd5438521a0eb7cb9,src/main/java,src/test/java
6aaa7b17a776bc510392cc7c76bfe5787fd0d197,src/main/java,src/test/java
df767abde86c7c639bc8840b14416c77c5ebfa7c,src/main/java,src/test/java
091ef6e415bfdc4a677eda8e3e1708a04fe9e2ee,src/main/java,src/test/java
649ba2f0e67e0d8b070fadc43dce0013c6e304d7,src/main/java,src/test/java
487c5fceea3e38e59a09d9a608949150704daa7e,src/main/java,src/test/java
85aa6a16eb00bcb87a0efbabb2b38d6ddd0fb95e,src/main/java,src/test/java
7be6d69f2f7963e5513bf41225a50fd6ea585eac,src/main/java,src/test/java
1f5b45a34c0fe8b6257f15ff12010597ee226353,src/main/java,src/test/java
4ba0a2a7f3bde094d2b70fb81e3d554ad7b6f730,src/main/java,src/test/java
10ce12d8ae3a31ab041ed9376964bac4abde280f,src/main/java,src/test/java
012e63acebdf3d0354b52576fcc3754d93d4805f,src/main/java,src/test/java
48ba69210d60dbff5bb126415f3a01468e6abede,src/main/java,src/test/java
ce253b73852a461b0eed3901a2abf68a3c62b2f3,src/main/java,src/test/java
1b7afefc08fa2acc45d0d4687251b43c34158bd2,src/main/java,src/test/java
0c7775946277419d8f94396ea4863a75ed7d71a8,src/main/java,src/test/java
0eb7bb198bdee9a958d45344073c266dbeb6ac42,src/main/java,src/test/java
e52b41d3a1e7c1435967fa41c13d6b339971865b,src/main/java,src/test/java
4169b74b64ac7c777d492443db36bad27cf1c894,src/main/java,src/test/java
06fd0933e9805b9b507b5e0bf9c678432379882a,src/main/java,src/test/java
d6033493518adcddc3e28171b8ebd9d329d127c7,src/main/java,src/test/java
145b9f00b17e143c12a26527213e3eddc62026fc,src/main/java,src/test/java
eadd7e2ed7cb24f5db8616e24e3ad5d647daa472,src/main/java,src/test/java
3040c8b836dbb0d67821969f9a1048229b17832c,src/main/java,src/test/java
064e0e4181716c1d9340c17b75cfe2b6cd36c413,src/main/java,src/test/java
63cefb5febbdfaad7b13890d2a840040ed702cde,src/main/java,src/test/java
dd5624a827cf96210f8329b00e770b61a1473331,src/main/java,src/test/java
1703eb922ca93eaaa8b9d88808fe2f23a254ce05,src/main/java,src/test/java
0f5ee269fa13896aa3b409ee296c0696d8fe5cf4,src/main/java,src/test/java
13e7d364ff94cf2b312f358f7f96bf5f073ed47d,src/main/java,src/test/java
6970474b136ddc201c121956c8662506dfbc2f0f,src/main/java,src/test/java
30f3983d1ce5fe16cb4b4f86300d0fc01c400c67,src/main/java,src/test/java
3140b6f6aea50091cc0d3469dab8644dfb97aab8,src/main/java,src/test/java
c04651a436bb92ddd27a54ae2e4020febfcf291e,src/main/java,src/test/java
c7df7d9442be07e3f3427ddff5bd2d03c64a97ff,src/main/java,src/test/java
cc037441ddffc33661b7f6a3082f1575a48c7bc8,src/main/java,src/test/java
d41e68214c9dd122ff80fb589ea6ca4f75ff7f03,src/main/java,src/test/java
a6e5fba2f47874ed601583b3e7d8a439ccfc7af5,src/main/java,src/test/java
e5e744ef35eacb97e9c74453cb10845a601010e0,src/main/java,src/test/java
eac1b6a237019c5825837aafb36eb0fe4d2d1b5f,src/main/java,src/test/java
24ab2a01c89b32e56f06065890d7f0be76021ae2,src/main/java,src/test/java
fdd40320ea5893c0dec451dcb2b1990cabbea289,src/main/java,src/test/java
1679d17b6b7dc11708ac2180af0985a6371a59dd,src/main/java,src/test/java
2bd37e2af9fa88c9f6752a4eb6ae497b299913c8,src/main/java,src/test/java
8ce14bcce65d6886b31157cc09fd87a528d90f47,src/main/java,src/test/java
096897f0e9eee9e743ae194aa1854784ee92e099,src/main/java,src/test/java
22617b3ce46cc0dde1ff7e37c13a705c51462f33,src/main/java,src/test/java
6c1a84f2401cb1e47605b14236bbaaaffc2c270c,src/main/java,src/test/java
70b885aae4720c8b34d798eb0ab9d4005afb7579,src/main/java,src/test/java
c39f6ea3f2d341d9896b81e8453efaa1b56bb197,src/main/java,src/test/java
c1da7da28d6ca6e25941590ca9727d7bc9f06f17,src/main/java,src/test/java
77cf49923585d0246e50342805996e9f595ea55c,src/main/java,src/test/java
d70e86897376cd24bc4d3990dc7b59007998d11c,src/main/java,src/test/java
35be1c4314150edb439d3b2d072c2107a3acb8df,src/main/java,src/test/java
bc545a1e647df1a23d0489fbcf058d307b3d5a61,src/main/java,src/test/java
ad5d417482adc2092b9f030a7ea05dae6930b200,src/main/java,src/test/java
918b13c1cde52f95e00f56eb57659a3c12b41976,src/main/java,src/test/java
20666d82231b57f780dbb0459d12cb6e64dff9f0,src/main/java,src/test/java
36a2a26ed5bae7d31b938b6536ce9df1ed696862,src/main/java,src/test/java
1858bc18f8b8efaef0e67b837e4ddac0bc025993,src/main/java,src/test/java
e850bf3688b6d6ba7b928373d2a118639cd53346,src/main/java,src/test/java
01974e8fc2a5419c904c1176550db4a288b10c1f,src/main/java,src/test/java
13cce6d3bf716031d5e963234f1b2f907ccae7bb,src/main/java,src/test/java
30255f114a6b39115ea3083bcbea1371544cf5ef,src/main/java,src/test/java
747bccb5181acfcc48ac00b87b3e1a3cb6585138,src/main/java,src/test/java
e700eb094b2d9638fd24527fca760a8af929a7f7,src/main/java,src/test/java
c3414892547ed7878d7a82fddbff54af019af387,src/main/java,src/test/java
be05b4b02c3142a5283780f89e09fe10b1d057c9,src/main/java,src/test/java
ac6d5b6075a116598f5fc249dfd2b2a1fa43abd3,src/main/java,src/test/java
ef32963dfdd91e29c747f42a96bdf73eb4f46c5e,src/main/java,src/test/java
a1b1587a51e1beceea0bb89577af2e6ca400ca86,src/main/java,src/test/java
6a5decbfb827c80f24e89e3452c2874490168f5d,src/main/java,src/test/java
7b6d7c49b55f6c58126f2d3a1c6b3470d33a33e4,src/main/java,src/test/java
afc7034ded8b82b54121c957739b6d1d08cc4b04,src/main/java,src/test/java
b315cdf68fcb25e18324c470988ce1005aa12e5b,src/main/java,src/test/java
382ad83bcbd0241b03a4270a949c30032da567f1,src/main/java,src/test/java
3191f8705703dcd1f427007fa5da0c6f0304065a,src/main/java,src/test/java
afca7f561c6806a7a65392a7ef8e720338a83f31,src/main/java,src/test/java
130377f5c7620974a5b8d4ba7b3e4c28ed2e0f03,src/main/java,src/test/java
c50894b89a20873d7fa8648794f01ec233b6c5d2,src/main/java,src/test/java
aadaa4e9766ebc48385c2869c9901c130f10c17a,src/main/java,src/test/java
076c03fb5b4a82292600e93523a47a27ce35a902,src/main/java,src/test/java
6b353fbe03145e4e04d4f30037e48b7c40b65e3f,src/main/java,src/test/java
4a48b3bd673b5c3ef2bcf29ef471ff8c67ea570f,src/main/java,src/test/java
bafda1afa582eb37430fe078c4e19d7cdc4bd7bb,src/main/java,src/test/java
6ac8296f579b84ea823ea9489b831f633a2b4588,src/main/java,src/test/java
70c71f9b64d032e6adde630f497dc12660a19786,src/main/java,src/test/java
c05784ad9e48c6a0c28cbaec9bfc4859f8ac0d26,src/main/java,src/test/java
d640337e3b9b87f8c436a92b545b233f90265beb,src/main/java,src/test/java
7dca2f7ce4309cd5bb367ff5dbeacddd1cb06698,src/main/java,src/test/java
9decad35f38f778517473c08d713985ca8bf6d7c,src/main/java,src/test/java
285beae65a6e75223636751ed8f2782aee732338,src/main/java,src/test/java
532199a1eb82bd0af12ec7fce4ca50bb4ec06659,src/main/java,src/test/java
831b11ccc0c0990bdb50661077341008a28eefa4,src/main/java,src/test/java
f88721fdc5b72998d2012a4d75044ecf2b936709,src/main/java,src/test/java
222baabe28d04a093e1897574ebaef0161c4c86b,src/main/java,src/test/java
9b254fa7c3e455b0e41d89f76794add4809bd4e1,src/main/java,src/test/java
ec9c3c7f961adb0016d9ca4b78ae55006f74ced9,src/main/java,src/test/java
f837632cf10fc9f8d05419fe163aa42534a5ff15,src/main/java,src/test/java
0be7422c7df1fe1b92b7456a19dffd7f55be6255,src/main/java,src/test/java
8b68922552d6cfed1a646b4ec77a9cd781c52d67,src/main/java,src/test/java
b7de30dc4b9fe11130bc27130123e28fb99d9d87,src/main/java,src/test/java
58fe010be9e2eecbee184ff5c5e871dd4c248cd5,src/main/java,src/test/java
a0df2c5d941313263d64b9d73d20fc511b7859c9,src/main/java,src/test/java
420bf1992c7801a739a9631c37cfbda8b168390f,src/main/java,src/test/java
ae61258b38f1aaae3342360b4c2922cd98ca2978,src/main/java,src/test/java
2ab126eaf8140d1e87e7f19ee47f20793d8a4678,src/main/java,src/test/java
7a86fe364de1bcfbbf7017c4303c5e37d2aff3c0,src/main/java,src/test/java
40128fc465750f2223f5a0c2363e3a189eab6b29,src/main/java,src/test/java
2869c58bf530b4e9ff1efafed69ff788d7cbcec8,src/main/java,src/test/java
bc5ec7334c1a37ef6273ea2d02d393ede1faaa06,src/main/java,src/test/java
a88882f7f6f5d79885267c5087793fe763519c14,src/main/java,src/test/java
e62ded51a3127d21eea8962f3df824bdabba921d,src/main/java,src/test/java
5db4a92c3782786eba05201029821c6406317151,src/main/java,src/test/java
aac41a9377e9bb6265162af1bda466cd48d40625,src/main/java,src/test/java
84d76255ce19369f2379763403c4b89ec66b0d3b,src/main/java,src/test/java
700d716b8b6a2d43e5e422896ed8043ea7d17b49,src/main/java,src/test/java
f99a241771f83f450fc3731bafb25745b102cfd0,src/main/java,src/test/java
8b4d9de39eedeef10ff1ff0a383606b6b94785bb,src/main/java,src/test/java
17b1252ebe16ea6b4a51b20b9021428d8784693b,src/main/java,src/test/java
dda3eea1911dab0b58846221ae22bf795a03fd12,src/main/java,src/test/java
1617b5ab1256e96012886824d33d7cec0e43a149,src/main/java,src/test/java
516ce0ac3a4258dbf30e55f1c2dc233abefe3aca,src/main/java,src/test/java
7c7ca07a3f8cfe76e65c68f549e31c62f4c811b7,src/main/java,src/test/java
7e1aa86533b5347fcf598d75e3fce993324f8a43,src/main/java,src/test/java
4f5cb035a1caf782c7319c20a3986d099350ef23,src/main/java,src/test/java
6f9efd41b59be04773e241ad1eb1978b99fa9952,src/main/java,src/test/java
1ac055336de5924d7df2b8106f3091df676a9df3,src/main/java,src/test/java
3965e85ca0acfaf33712cc0792ebebfddd9a5e41,src/main/java,src/test/java
9ffee00273b1a03767522ccf7a5c6c2dadd4fa14,src/main/java,src/test/java
77ac60071dee246ab634ec49eb67b8544b173838,src/main/java,src/test/java
6f0863f431747e71b7a39a2c2ee44900955a858d,src/main/java,src/test/java
7544fd1d1c78a42a9a46337afda3bb0009ca2157,src/main/java,src/test/java
51c5d6decaeddfa95d9abd788a1a736a6606561a,src/main/java,src/test/java
7b31effcb460a0a88cbe8c89a277e999fb54d38e,src/main/java,src/test/java
7428323acc6c90b615f8967faed1d051a71d2493,src/main/java,src/test/java
fdeef289741651cdca700d2fce34fc9d00bcfa66,src/main/java,src/test/java
6470c3f77f4a952fac2c0d0267e5c6bbbca59038,src/main/java,src/test/java
81165d82d3c3daa830a8dd3f9c4fd78734e0c002,src/main/java,src/test/java
66e71ae882f8f6ef881891ce6c16805e8505d71d,src/main/java,src/test/java
a83adcd7c18457b8a86a4d82274d2d4d1d4c3d1e,src/main/java,src/test/java
bd26f9e599b65d1747405f8baac2a8f3b876bb6a,src/main/java,src/test/java
ff71a3812d08558266283600f6d8a1067ac45478,src/main/java,src/test/java
02d3e2135891cb2b9a4681278848c860ba280eab,src/main/java,src/test/java
b99b68d341b662feea2500c20c2bc58d8052e1c8,src/main/java,src/test/java
12ce76d17e2d0576fee8158b7fa7db69770bea52,src/main/java,src/test/java
1d2a6c0df6b4c4772083268a8ffbca372287cdb5,src/main/java,src/test/java
a86f842de03de20aaf940791e1266a5163d09075,src/main/java,src/test/java
01f32fa39a7e95d548076619f6e0e38bad3c1f22,src/main/java,src/test/java
25294f4d9e48497b69c586da2cae3b4ba532d751,src/main/java,src/test/java
929e12839917135fb238fc602193d3e98d713ca9,src/main/java,src/test/java
878bc5cc4a23b89657b581e21f856852a03be1be,src/main/java,src/test/java
c70a52a1640262b9a2efbd91cf929d17a89f38e8,src/main/java,src/test/java
bf13599b1cc55066840a0d821eec583310540f14,src/main/java,src/test/java
e0d2b7c38188f34d669a47c6f22d8965fa0c295a,src/main/java,src/test/java
518c933bb31c35b736253936ba080ac21e6cb19f,src/main/java,src/test/java
6dd0fe21b04b1af7a1fc26ffe40f820bc2edb31b,src/main/java,src/test/java
4b7367ef2dd030d988cb0e8c9cdac8b7b699c565,src/main/java,src/test/java
ef3adb12297e23df32dfd708d250e26e827ebc08,src/main/java,src/test/java
4315a1c192bf31330ea040723d3e6314c02ef55a,src/main/java,src/test/java
e87c847657454f1a57b23b381b3304ba4f768b11,src/main/java,src/test/java
184e51e99c9774ca3cdff6a1d7568d63ef19c5dd,src/main/java,src/test/java
908dc6f8e429270e2ae95d7049a28db3e9bbef91,src/main/java,src/test/java
961f2477660925a111c581660909c5632d15ef4b,src/main/java,src/test/java
96832b461416db3c95af8d2ae0b597b4d33e5066,src/main/java,src/test/java
ff4ebd898e1f6a88979fb5a5bb078498e391adaa,src/main/java,src/test/java
2fcb34178a13b54e9718f40b0b4fe19475fa5dad,src/main/java,src/test/java
9759e26e7558b713ed082e349cba2a6ed437725a,src/main/java,src/test/java
0ddc7913fba29fb7ceda2761f79736c70285739d,src/main/java,src/test/java
172a881f216a94d93b5bec645e29d247bd0d4a51,src/main/java,src/test/java
1b4ef7b210c43d08b4773a80968a8f5e032b4b2c,src/main/java,src/test/java
f5d586b9b039a4b16e6e856f1a5d9947ce737074,src/main/java,src/test/java
a9e56e1e8d75ac87a5db4a55dadb52de7d90f770,src/main/java,src/test/java
f15ed1ffed7d2c0332b3f6bb78041f93a2359516,src/main/java,src/test/java
a4bf277c9249a875d392ac1627ea0829d8a07972,src/main/java,src/test/java
d6e7ac80e54b0eb6c3cb8df9a3e437c745de327e,src/main/java,src/test/java
ec94dab7def8a45865ec0b9e667ae817e603c2c6,src/main/java,src/test/java
2e2c4ba69d44a9471e80c337fb234ea52655aac5,src/main/java,src/test/java
e6c24a19f0ada846445cbc9a3d87a0a37617db84,src/main/java,src/test/java
6a78f391c473b5ba4f7e63e7195d0a102895345f,src/main/java,src/test/java
cfe68d77de3f621a950ce189ad2551319953cdd8,src/main/java,src/test/java
acc829eac713744680a388e96fb961199565ad0b,src/main/java,src/test/java
e7b6506f41dc3a3c6127cd0a7655f2c3f76f9284,src/main/java,src/test/java
3fc7234ea6ee62617052ade8605c71d7818cbf9b,src/main/java,src/test/java
7e032d211feecf00b93f72fd0ee49c42abf08c61,src/main/java,src/test/java
c61eabd9a6f838bda0ec1034fbdd68d252a75cf1,src/main/java,src/test/java
e329e1e200dd01ec6b50d583b99684fae9ddc5a2,src/main/java,src/test/java
79c7cb297687a0f214a8531818ce947ccabc0074,src/main/java,src/test/java
4f9aa2d95ff064d81c49229b3c94d9c6a959cd36,src/main/java,src/test/java
a53591f030b87b5d1552e567226705020dee2a62,src/main/java,src/test/java
aa84e95aba7b5c776395832fb3ad375e405e3cc5,src/main/java,src/test/java
f3f065c267338f17b64a6b1cd0d72fb349118d68,src/main/java,src/test/java
5f0e63c8a91ea74c57ed6ba65a9f8a60d30eb130,src/main/java,src/test/java
e8773fb18da2d763d62a2857335b3c73d491d064,src/main/java,src/test/java
ad1b70e2fae5a8eb808dbb0fd27caf48ea0710be,src/main/java,src/test/java
f45ce896d02aeda3c09d56bc4ceac425929973a1,src/main/java,src/test/java
b3e51bc9c87a1a1ecc636ef3da771c1fd6dbede2,src/main/java,src/test/java
d06f84d1b87011e5c152c5fb3f05ae50c1c58cda,src/main/java,src/test/java
c609909e28e7b305661a8e8cb89cb0c531d987f0,src/main/java,src/test/java
8489bcbebfef5a5096b24c0543d2b767c98f325e,src/main/java,src/test/java
1cb35a0670c29536ff35a7f91aa9b2e88e85fb79,src/main/java,src/test/java
cf6172bd5acceac19f4322dcf7ce2ec7aef76a38,src/main/java,src/test/java
bfc7cfe39e96ad40de7d656e00464552a51ed0c1,src/main/java,src/test/java
b1f4e6a3444dab7869a26ce7914e4faaabd50462,src/main/java,src/test/java
b00920f377babfb46345e51deff0748621205109,src/main/java,src/test/java
32af2c8cc8985fc8a52f492d854dbf3206b7c243,src/main/java,src/test/java
e64f4de91a32179c0641ac23b57d556bd12ca5ce,src/main/java,src/test/java
31c885690722855242c6bc14b9afe59b4eb67830,src/main/java,src/test/java
bdaeef3de34320bf1111d0402cab04926d59e4cd,src/main/java,src/test/java
a9e79e823d16def08629b811000b3339b655354a,src/main/java,src/test/java
67b53cf0de66fb8f41a10831e96168b29ab240f2,src/main/java,src/test/java
94f8fd3c66909694db043b33443a2f21b21fa784,src/main/java,src/test/java
74ba1a8ab5c56747dd63b144e05cb0034197dd48,src/main/java,src/test/java
ed7c99768ab5764a76d77a1282d28b2f048fd1b8,src/main/java,src/test/java
d0b83efb22997664f797ff5f1fcb7c29e852d952,src/main/java,src/test/java
2b1b32ce76c3dd86c449c984c5644c22fc025ecf,src/main/java,src/test/java
3920131bf7e4ec631aa80058667e5cd27762c26b,src/main/java,src/test/java
f2f0ba067e9cf3a4f31eb3c387d6244c3c06c44b,src/main/java,src/test/java
c21edea380141297048001ccd03ee28a31924685,src/main/java,src/test/java
d668a00378a6acf65640bc8dc8c0ef02ea941495,src/main/java,src/test/java
e02bdd8e7111ccfdce097a2841d6b61b64c0e7b9,src/main/java,src/test/java
88db7274135b9ea293291936843e0b0e5473cffa,src/main/java,src/test/java
0e55e547294d5e922fd8649175ad575af8574f9b,src/main/java,src/test/java
dc356b95381bf1ebfbe317f8e5bba6e231a610d8,src/main/java,src/test/java
b3f4fa0b7e40f7be4266f1e28057cea751975671,src/main/java,src/test/java
eaa3bfa0fe498e542d7f96348a1009f7de59f6bc,src/main/java,src/test/java
8c0c0b8004467906ab7d6c09ff72523da7755879,src/main/java,src/test/java
1dff8aa94c91731e1f3b86d46a80c0d484d5d8d4,src/main/java,src/test/java
dedc55c6c153e4e830b75a38176433900f7f9f4b,src/main/java,src/test/java
d4347f2074cbe2b7e7496132429736f73666f672,src/main/java,src/test/java
ce66c242ad83266a4f5c01363b4b446138b054e9,src/main/java,src/test/java
a8823997fbcd326baa8fafbccfc386ff01c14c4d,src/main/java,src/test/java
673fd05dda93549756f0b86e780ec8be217b2de0,src/main/java,src/test/java
b8e1d5ce84a711551cae9cd8cf5389f126493870,src/main/java,src/test/java
21ae5a9fb26eba66e593bf8566004c9296548001,src/main/java,src/test/java
3f0e3c7d94e8729f4d1ac30839481d653cbcf651,src/main/java,src/test/java
093893684984a2fcac04b4330fbacb3a81bac3a2,src/main/java,src/test/java
f2adf1c86369638ad5bb465c00924fec0428cfae,src/main/java,src/test/java
b310601e79c863570dd6d4196a5c7c2aa13d7cf7,src/main/java,src/test/java
2e8d465c31cf5024c471e1431042c329a822d2fe,src/main/java,src/test/java
3e6aa9b9f8ae447a2f99e6192aebe45b05761a8f,src/main/java,src/test/java
7697741252d9542a9686f8d745a4e8c19465be32,src/main/java,src/test/java
e75cb25605ac64e4b2f6bc149f7f2e1243f824cb,src/main/java,src/test/java
77dee2bbd513db2ee89eb4882e02142f1fa619cd,src/main/java,src/test/java
8322023887d0486c725276a0090755021ba063c6,src/main/java,src/test/java
04c96171e242d09fc34d4f93b1ca97f8fc61a67c,src/main/java,src/test/java
d8142a7e2e79a3b3d73ccb86074e7054f510c91f,src/main/java,src/test/java
dfa32cd151fec1e85ed65a83a363ef33144a652e,src/main/java,src/test/java
096eccb400304a11ec13a47b436c1fdb7dad49a0,src/main/java,src/test/java
6c589d2bf9ea69d8ffaac647669c4cd35b1f2dd5,src/main/java,src/test/java
79f63f66eb588a5d69e9feff7066f1244f61f387,src/main/java,src/test/java
b6a032896560e86a5032c3ee014d918424880afd,src/main/java,src/test/java
d63af387f2750cb0e11ad58da870ca33ded85553,src/main/java,src/test/java
99f3c12e74dcc047dea95b6b1691967bc89e18a9,src/main/java,src/test/java
c8974ee132d4ba1cf1f4651fcc89b0a61bdaae63,src/main/java,src/test/java
494657d2b7b8e1eb297b76120be20d41e0e9f5fe,src/main/java,src/test/java
7c0009c8dffcaa625525a87c9b1a381127594787,src/main/java,src/test/java
