1b4cd55cf5a21620325ba711c1efd77d324e63a5,src/main/java,src/test/java
1bc0887ef3853d11903259133d45e4acce10213c,src/main/java,src/test/java
3b7c4fcdfba600727f2eb9ad1186ab8bdd79219c,src/main/java,src/test/java
f9ba2470a2593bb24ac599c30f21b94622036548,src/main/java,src/test/java
8cb88ff79d56ebb546a209d9e3fdce24abea96e1,src/main/java,src/test/java
d5dee995f1191e48c707ef79042e523078a71dbd,src/main/java,src/test/java
973a069d54f925a45c4db23e782901afd63e64bc,src/main/java,src/test/java
8156d76fd10a9ccc3ae88563e417b9c8700f22a3,src/main/java,src/test/java
15c94fc87f9165c7e9528f4dee4d4f10e3fd5420,src/main/java,src/test/java
e3e8357b9c5fadce3a7f00b73dff625219bea06f,src/main/java,src/test/java
237f454778936989bc868a2e572bbb8507311cc4,src/main/java,src/test/java
cda516b16a30258d7ec07da0f336851f40bdda7f,src/main/java,src/test/java
d17a10dd01a5e22b8d9c3f5511c553d97e0c5098,src/main/java,src/test/java
b95d74f1fe51ade825a0369fdc56d11b726fc884,src/main/java,src/test/java
499aca4d687212a39c34cce4fcc3160449b65565,src/main/java,src/test/java
5370703a7379c654888e1f442166926be34b9b9f,src/main/java,src/test/java
496a839a26add619dbc27adb5431acacfa025078,src/main/java,src/test/java
8ea5ef52659abee313957fa7164c1b3f55a31674,src/main/java,src/test/java
a6093c167f0fa7f9a6fc23aa8cb2ee0439c3d972,src/main/java,src/test/java
152f8487a31051733e33f01c06c97d4c6742d26f,src/main/java,src/test/java
2486a56998550b5a74d265efef7dbebec68a22a0,src/main/java,src/test/java
b648ff1cf098faeb2c9875c787e17539ebf1dc64,src/main/java,src/test/java
1910d56f40bd5b4cd6a10b1b312d763059dfc8bd,src/main/java,src/test/java
a5235c11ff2f409798d143023fba1c10b7e1a6fd,src/main/java,src/test/java
f35bfed081f4c54226e8b0d60a8c161e0c35dd6a,src/main/java,src/test/java
2392557953c0b2473d702852efc14a20a50f195d,src/main/java,src/test/java
7e355a1b9b5333e6e3d32458b9a5ddc61bb3d57e,src/main/java,src/test/java
d2eee32dea67ae5e373ce8a3ca37ec4e794f2cd0,src/main/java,src/test/java
423676852d8f147905b12ba0203d15771aff87ae,src/main/java,src/test/java
3949af857282f7c17a9be279e333348c5d3a0196,src/main/java,src/test/java
5f09375ff7197545f67e9f64982921bfdb8354d7,src/main/java,src/test/java
c32a2bb447863bda17fc75a5c7681c2d60af8590,src/main/java,src/test/java
11710afe2d92d816a5cf850eb87a19e6e3af4ee1,src/main/java,src/test/java
7ea316f97f579143debcdcba37b9632b4adfc9e6,src/main/java,src/test/java
88b537c200d3d4606abd467faf60d9d375726386,src/main/java,src/test/java
f45f7e2b1b17b4cd72a359c9deef9e5157b46ecf,src/main/java,src/test/java
d825b79fe73c7aa3379cba874bcf0f72d35a762c,src/main/java,src/test/java
eea52adfc39c00984d1ca47613a0b52acf65e752,src/main/java,src/test/java
4fb47726523f98f2f7f274a3d016157480edd77d,src/main/java,src/test/java
4f3b2f57d8a45942d760ec59cfeff8e221197357,src/main/java,src/test/java
59465b34167c889fd0b396bbf668784cefb70536,src/main/java,src/test/java
0a5fecb6498a9b1d746a18642c4787900adc3fb9,src/main/java,src/test/java
a9567db6a6b7a91a7b054063d71712d001c245f2,src/main/java,src/test/java
66cf5a3c8a0ef23542c0cb0f7a85accbdaa0e3c1,src/main/java,src/test/java
8ab2faf74b8cae972176b144111168b86d9effc2,src/main/java,src/test/java
f27fc05b35167b5bd3fc44a3ff2c6c7e20565c8c,src/main/java,src/test/java
6170c47a48fc8927950ee088a2322c77485dea7d,src/main/java,src/test/java
e6bccc81ddd0a65b27fded64cafcbbf5877e58a5,src/main/java,src/test/java
e656c0bad375084a62ad57a6adad426bf009dbc7,src/main/java,src/test/java
fff3a930dc2ab6c4540cc22e96ef4c019f8e290b,src/main/java,src/test/java
a2dc297e17ee1972422911deeb235d3bdafa1e3d,src/main/java,src/test/java
9110ba13c6285424c83aa670edf47f5decdaac19,src/main/java,src/test/java
abd3f11f428bd3c1f976767385743c0432174562,src/main/java,src/test/java
