7a122bfb7dc324ab54c97aebb7b55ef1e8ce36b1,src/main/java,src/test/java
62a19f4f7c1644fb08362adb00da27a631a0b528,src/main/java,src/test/java
895457d990bf012faced29121b8783d402393d3e,src/main/java,src/test/java
0dc3b376a0c6d910cec6b6e6577c19be92ba235c,src/main/java,src/test/java
e20e5b06e3d8184376ab7a53835f3405433e9ee9,src/main/java,src/test/java
f165a6d1901bb5023faba2d61eb5d256012b34eb,src/main/java,src/test/java
1755fdfa0fbdb9a016383bfd07905489c89a9319,src/main/java,src/test/java
33bb1ce5727a54721baec0125dd1254d275160ac,src/main/java,src/test/java
1671f684fa43ccc2f9901521a1df69605dedabc6,src/main/java,src/test/java
18a2eecd73d82c0e270cb0706a643cddaea4dbb6,src/main/java,src/test/java
3a394adb19573ecff255b1b8858f4586e2d88457,src/main/java,src/test/java
b4fea509fde4d292893bd98043f1efc5231d0103,src/main/java,src/test/java
318fb19d1c94eeaa370c2140e4c7b78936f97aee,src/main/java,src/test/java
8857bef1ec39d1af0075dae86e0de3601752d883,src/main/java,src/test/java
5dac768d2ed2ad051724b998db5a7a1f39a599b0,src/main/java,src/test/java
22f0af4de5ac89a7ead9d6e3958262b7a4fda9c6,src/main/java,src/test/java
edecb857a6c01886103361577713cc308d8ad201,src/main/java,src/test/java
0b15afc6cb421de54991dfaa5193853e2cf5d2df,src/main/java,src/test/java
5432c872271e42d1ba8981e5f5de2059d5509ba2,src/main/java,src/test/java
3a0119b217bb71d107b335c27abac77847b2bfe4,src/main/java,src/test/java
f5490414dfb23a0d9a46e96aa904a1cc8c04f3e4,src/main/java,src/test/java
1ee937071b236909a38dc764db451e65a3225ad6,src/main/java,src/test/java
3df51f870d970c9da3ff0258f0204e968ab04baf,src/main/java,src/test/java
76770fbea66c12f31674c13755374d65fe058b76,src/main/java,src/test/java
ca5a0885346e9eba2480554d1721db50790b69bf,src/main/java,src/test/java
8773ba8deb867f6f1d52d1ffc48138c7846382ee,src/main/java,src/test/java
fc1f085f30d9bdb9ba75d640c487e8bb1a8c0607,src/main/java,src/test/java
4d08dcac1c1b256281855c91fec1a5e9219e1e30,src/main/java,src/test/java
c00818a1407f3c4f75f258acc946a4b4b21d1030,src/main/java,src/test/java
