a7c31879f728a4ee143454269388b0352aa35dfb,src/main/java,src/test/java
3124b762fca6bd7e52eccabd35b14a548eb13f94,src/main/java,src/test/java
91020dfa47f0ebdbd4a2a1baf43698df44045f80,src/main/java,src/test/java
13fbcd8e7c04d913aa4db058c64f6a8eeab469e1,src/main/java,src/test/java
81368a2d9e0422e10055aca0b255839730c4372a,src/main/java,src/test/java
0cd477b0a158b7db99802576ac72bfbd23bf80a3,src/main/java,src/test/java
831f49248d0244cac38555ca30ef9c6512c5ff28,src/main/java,src/test/java
0b44b8eefc7972ca75f198cfe764b727403b6c41,src/main/java,src/test/java
e93ece2ce75a6c26a4b43729fd11ab242ca5e83b,src/main/java,src/test/java
bd0d2d9a21bfae333a8fceff4c18cad4f5ac38fd,src/main/java,src/test/java
764404322620cda1b0a996965e8232467da6389a,src/main/java,src/test/java
0ba90a4a72cbfb27ae08f91bc305e276b1482534,src/main/java,src/test/java
f39bfb4c2bc4b0da36ee2d977e2b48231ec90aa4,src/main/java,src/test/java
5ae11d54497f7305949e79bc6fe38bd382a0406d,src/main/java,src/test/java
d98134aa568e83f05f573262d4c6015257565023,src/main/java,src/test/java
afe9322753af380e183665d6e052bc02fd28337b,src/main/java,src/test/java
f93b5f5e538c22f12850211f5503b602e6d5d460,src/main/java,src/test/java
270c5f0ef76a9fc50d88ad776b899c6ca153bf29,src/main/java,src/test/java
810b032224051ffb73cb3657e035b90fe5778a07,src/main/java,src/test/java
5912fb0411e823e1f830f1f41708ea3f0265d212,src/main/java,src/test/java
588e88af14a30eea51fa2870935eff701bbd3489,src/main/java,src/test/java
574d040cb80fa95fbbbbd379f103c30851dec8f4,src/main/java,src/test/java
5c5b9d7901401e5b19c9a3e7a841349a65b1b19d,src/main/java,src/test/java
ea9d5760b42208c9cfe45626ed0d6c5fd70d0512,src/main/java,src/test/java
9b3b4445e97ce39f9dec3c0bed927af96edae00a,src/main/java,src/test/java
99189353c71a3d941aa2d3786072c44636c71942,src/main/java,src/test/java
e1b61c858ccd540036414dede56c36f5cf3b5641,src/main/java,src/test/java
eea6408a0d45e4fc05a319ca978c0ac147bf2111,src/main/java,src/test/java
155979fbc2e817e12f14c06c4538e736b99b97ae,src/main/java,src/test/java
48de07052d4650faac6501d79cc1d51a5d47d41b,src/main/java,src/test/java
206df0e1d76b983ea04ecdfafeb801568e77ced5,src/main/java,src/test/java
5f5a31e9ad4303222b5c5566f7a8341302525ddf,src/main/java,src/test/java
50ffabdbbe7ff6946fa143fa6253bd777da3c37b,src/main/java,src/test/java
0cb657b1c4cdd839e4bf4c529c8ba0c344a7a8ac,src/main/java,src/test/java
5d4fca9c0f2383e8872f23de22092e2d9bfa601a,src/main/java,src/test/java
b36d20a79b1a6fcb7c99fd804f71e6ce29067076,src/main/java,src/test/java
e07fbbe0e7d7c74d61a8b986799c5e2543928276,src/main/java,src/test/java
8a9b461300ce07541ed35e6c6f65fe94c8ef6bf6,src/main/java,src/test/java
8c45cde9e9062b14542c38e13f8127cf8dc7918a,src/main/java,src/test/java
96cd20a8b5fefbe5652f339d26fa6a5931a6ed86,src/main/java,src/test/java
b8affa052182f05640d3df9e6279788a809fcd42,src/main/java,src/test/java
e111a2f1b1a9dd479d1ae8026b8f5fee6037b2f1,src/main/java,src/test/java
37dbd909d1050d27d316165729f5412dbbde2961,src/main/java,src/test/java
41632de7a3105e8ca8d3f12dfeb4ad5c53edc9cb,src/main/java,src/test/java
7c46c64cac9430a31852b4feb3477e466c5d27bf,src/main/java,src/test/java
3cd525bd2888c282b5270c75f3e49cb8aa770854,src/main/java,src/test/java
9bfa6b9350d29e490ff89eb2362c9093c06a6244,src/main/java,src/test/java
312743b82fc471141c7542ff72e774c2c04f23d5,src/main/java,src/test/java
928431fa30c75b884081b6a828b124243f252e6a,src/main/java,src/test/java
6f97de89790faff3e186a0977c9b858dad078072,src/main/java,src/test/java
829574c9d283bbebc0b096da4a59bedd24779eca,src/main/java,src/test/java
afc41c256041250be0b93e3e9958fa06d44592fc,src/main/java,src/test/java
34e2648964f888d4c73e6e5c64acd37b3b27b854,src/main/java,src/test/java
848904dc31ee7178131a45a0e3104f01095a79f6,src/main/java,src/test/java
97167c7c81284f1280255d26fca05413ce757c7c,src/main/java,src/test/java
9e968ad93a8cdc0cf7bcfcafe786fca20fc3e7ce,src/main/java,src/test/java
596e9f190f7037d79a3c155e4420bd9f6523beb1,src/main/java,src/test/java
4bbb6d591ae332a5383dc79f94104f0351b9fdc3,src/main/java,src/test/java
684cc47e231f6e61ce26d32305c023ad00e093b9,src/main/java,src/test/java
ee408be2dc2a5ae81cfedd91af157dcece3f2bab,src/main/java,src/test/java
66532e5f48466c26cf4012e5d5649a59a4f23e3b,src/main/java,src/test/java
cd525312350e56b7589de77e39bd47de7d468428,src/main/java,src/test/java
7fbeaabb91693456a41ec2a47f97c7282e3e0627,src/main/java,src/test/java
f8e58ae817fb4b8a9128df5c60bf432a3fe46ae1,src/main/java,src/test/java
921cf52499d543722812cfbac8beec97bc92053d,src/main/java,src/test/java
fef308e6418e351d0d9fcf660aa654da916d1e64,src/main/java,src/test/java
f4817169ac33495c4f12133103cda7d80355a0be,src/main/java,src/test/java
239788bf1eaa29a4829cc54889bdf94ee75efecf,src/main/java,src/test/java
6a1341fbf0d450d9b8833dad4b7715fbaeaf7c41,src/main/java,src/test/java
6f1225b065850f0a37bd6880747fd02451139905,src/main/java,src/test/java
0d65f49212463be808453998dba3b295690e3e38,src/main/java,src/test/java
bcb628b8420eff798a79bb811b90bae058ce1764,src/main/java,src/test/java
576c0ba170c672d99b619196621c85f0c6a5bef6,src/main/java,src/test/java
5d5ed8def59a6ab0ebcc9ff6f7aa269236c958cd,src/main/java,src/test/java
b837f62157dcda720365b08ce348db8690df50bb,src/main/java,src/test/java
93d912658968ee95dacaa91de28495db4641f771,src/main/java,src/test/java
b2816b844cc2ad68451c81e4ad34964324fcac89,src/main/java,src/test/java
7d5e08f3f852ffc88ef5d738f6905016a8ddb0c4,src/main/java,src/test/java
2cb01981f91a7079ef952e6317632fdb2a03633a,src/main/java,src/test/java
b9f5a36948b41eeb45ef147c7bc61c8f6bd51381,src/main/java,src/test/java
bedee7284c1df40bbc47d1ca40809199034b14a5,src/main/java,src/test/java
47cadca58c9020ee624a884843eae8237f095bd3,src/main/java,src/test/java
0ba19a3011b391b0351b7d57cc77a316b206d00a,src/main/java,src/test/java
19e5546467f1770e05a0f1afc4a6687ced3b816e,src/main/java,src/test/java
4a604b4c0b3fe4f076a7472cd35faa4f76943cd8,src/main/java,src/test/java
0cbcdedd2523421d06f8d657ebb505a094528b20,src/main/java,src/test/java
a7e05d7a7f8f44db2ae4c345608fbe23401848a8,src/main/java,src/test/java
16042890801876903c25b1a30180428f603b0dfb,src/main/java,src/test/java
166564e92a88d77195fee1652454293c31b290a1,src/main/java,src/test/java
e861feba2f97c3ab7fc4543b22bc193aa07ffc25,src/main/java,src/test/java
8e9cdd6633a46e0579ecf0c39382be10ebaf9c31,src/main/java,src/test/java
283231753df4ac17b492825d20846eab463e7022,src/main/java,src/test/java
039440158977e124757e98f5f02079baf31c4019,src/main/java,src/test/java
9230f787ed7e77f5952f6b4a107ec473997e4316,src/main/java,src/test/java
56c1e32241723f34a5834b7595875353b7787e2d,src/main/java,src/test/java
1d34986318a0c7284398de5f1f53d7abdc22c333,src/main/java,src/test/java
149cb7b2a7a0fb3f28851249c2831ff548072ed1,src/main/java,src/test/java
c337c0b72f1bac7fe8ebce8f6a840da80eff9824,src/main/java,src/test/java
725e9390f892699acf5d01bd719415cd8ec86a9b,src/main/java,src/test/java
f34c225cdb9dd8d97d26107bb153992083228d11,src/main/java,src/test/java
480a883fca15e242655718da5e2a86fdc4fc1e5b,src/main/java,src/test/java
dde1b90ab3a31ab41e7aaf570640600c649fc341,src/main/java,src/test/java
8c5426de8145b19087aaf5bf2099fe12b53afe08,src/main/java,src/test/java
8368c20f1c735d6fb2954a091fe6a6d9d568277d,src/main/java,src/test/java
109bc00ab6bf345de6108782500b72f707f03f31,src/main/java,src/test/java
951d6a227dd4caaf402ab4ec11fbfda7db1dbcb4,src/main/java,src/test/java
ef1a1b92a6d9ec3f22c4205fa612f1c5793da6eb,src/main/java,src/test/java
d49fa768f72dfa732ea99e4e562e27846a12f02a,src/main/java,src/test/java
9051c571ba9e2fe9fc645e51120aa46d56388bf2,src/main/java,src/test/java
1fd3e4f91143010e883a82fedd562803ed31f091,src/main/java,src/test/java
