19e1077eae290e9d576282f1e055588917bc6434,src/main/java,src/test/java
9062c9e10ce8c017058b44770342fbd5138ea56e,src/main/java,src/test/java
c5c0d19bedd67d13f80c17adaa17374f33485664,src/main/java,src/test/java
ab8b83739900cb4867f98c2081174f4cd691e410,src/main/java,src/test/java
187e5b8c3b1615e75e5f395cc355b6207e13215c,src/main/java,src/test/java
043c91b0fc1124854e38b2a11299c96f35a3081f,src/main/java,src/test/java
e7885b864592fcc3c3b7532c1f444c32d12dc26e,src/main/java,src/test/java
62e02c773b7880fa854f5a0392c80ae877c2eb57,src/main/java,src/test/java
7545e6738652b5cbab164ad35acd622392de1be2,src/main/java,src/test/java
af4fd350ad128f22237037898649eea4654f0e3e,src/main/java,src/test/java
89651663bc78b33f3d2c16cd9d6679f657649d79,src/main/java,src/test/java
cd5ad3f1dfc19605f48d1570e5fcd6e0f674e377,src/main/java,src/test/java
4a31e03c986c8bee349c9b1284cc5e0a84f55af2,src/main/java,src/test/java
c06b9114c9d103c835c06c0ec79c0c369fe59220,src/main/java,src/test/java
3360d03134ef3e19f743ccd90940b3840ec527a2,src/main/java,src/test/java
934eafe66cd55b0e76adfd5fdbc130185a82103c,src/main/java,src/test/java
8a167b5fa26eef54f23c88ab6fb67ca226326e48,src/main/java,src/test/java
04fa8a182cfdbf5db62de715c8a418e0faed1459,src/main/java,src/test/java
16c0b6c0e0e2ff7ae5b4609e2dbbe262aba0caab,src/main/java,src/test/java
c6b433a8a14caf6328202e07071e23cef21580be,src/main/java,src/test/java
29c4ed03d411aec78e619b70cc9bb247f7b174ff,src/main/java,src/test/java
fb23491ec4966fcb31216e4fbc86c0562df74860,src/main/java,src/test/java
983f40974920a7b46b2324552f978f3a26b98ee3,src/main/java,src/test/java
7f1e3dd70100e9b6d265a58f2083b5e80d7de563,src/main/java,src/test/java
2bffd21fd24cfacb2fe7cc18ac633a97ffa3ba48,src/main/java,src/test/java
b1fb7abd18ee284a4bc9e568dfe4c6ba33c3bc4e,src/main/java,src/test/java
ea17e54c9e52dcf837da0b8d0ad8a7d29c6830ad,src/main/java,src/test/java
3f9730006b2b078458102a9415c63ee8a9f878d6,src/main/java,src/test/java
4cfae35fd0f370ef3cb8e3dace32d83972d5b5a4,src/main/java,src/test/java
7a6f74fb2c6bf9d040ed29df3de3a3d8047ef533,src/main/java,src/test/java
cdb2aa032b4d19da6fc48dcee9f53dbb9de3adbe,src/main/java,src/test/java
d632cdb468366aaf497dd82add1949b9c728e3f4,src/main/java,src/test/java
953b7d1f395cbc3ff7f81e5919394aac754d0433,src/main/java,src/test/java
beada66bb757f4ed5e4ca9cd82242811d3697df8,src/main/java,src/test/java
ad90f7d7d66abcdd47ea5208b3f7c29f33e3dcda,src/main/java,src/test/java
4504c8cf6aefa0b3391624baa359dfe17609de25,src/main/java,src/test/java
32b6acee8ad73837337dcd8a8eece50671c95ed0,src/main/java,src/test/java
8748e3c02e34132bb3d3995ef38a631b87b35b36,src/main/java,src/test/java
3277aa9d647e13022ca2e97f31fd31d3a3c070ac,src/main/java,src/test/java
4b2245e819d67447a7fb7aff76f8f9fd8ed436c4,src/main/java,src/test/java
ac046fb01a39095a00026eeb4158a49c7d790939,src/main/java,src/test/java
59567f901047753223633003273ff267b058401d,src/main/java,src/test/java
304c3a8fdbb9827d6438eca4e011a99595f5c63e,src/main/java,src/test/java
5431740327cb084869dfffc8217048c885a1f836,src/main/java,src/test/java
e96afd1913c6d785bf1fd7a66722d24b7327daef,src/main/java,src/test/java
411cc255a9ee3579af1581ec37d222c265e109a0,src/main/java,src/test/java
312c43f4a17080be9ef4a7ab506cea49f63110e3,src/main/java,src/test/java
12f392355145b238e306fd6f5bba7cfd93f28717,src/main/java,src/test/java
aa7bb035c82d2e653e7c6008d3f62bc4c2b2d8a0,src/main/java,src/test/java
11d3d4e771e1652dd2f13f6fed7c6b3dc04bc7b8,src/main/java,src/test/java
db51b74096fb7c8329484b1bdeb6be035de15d04,src/main/java,src/test/java
d8abff5093c9794a34b3e4168a5579836632bd63,src/main/java,src/test/java
682f0b2c85b661845bee3e8899c17022f4839698,src/main/java,src/test/java
6442269711559ef250331bd30ece42aa3bf91cc3,src/main/java,src/test/java
929c3f07e4fa1ded97d3e169a3f3f22f7fd7266d,src/main/java,src/test/java
04b98ba23e97dac99867a3a1b64dcde91048bed9,src/main/java,src/test/java
ff356619b6a45ed1cf26d279408d5cdcc96e3af9,src/main/java,src/test/java
b3de9076b82a7b53e75e3a458815199c1467f824,src/main/java,src/test/java
9f56b2551094cc3d694fa281976aa46756bc88d9,src/main/java,src/test/java
66467b73f57fe0f1334ef2bfb90731563ae82e97,src/main/java,src/test/java
1be52c5f189783fd70d18d42b478c9f5420b6f2b,src/main/java,src/test/java
7e717c6c697b190dc94f6427b62299aa93632066,src/main/java,src/test/java
4debf6f9e86281778b6f79f11ae7db2c902ab789,src/main/java,src/test/java
321117488b5603e134d9b099ab780de85a71173e,src/main/java,src/test/java
fe1478d2d08fde0b892dea4f1111c76b00159910,src/main/java,src/test/java
95de6598a571bac15b2eabd6e52dc3f379eeeded,src/main/java,src/test/java
9b5ccba50c38abba3e037ee2ea0259bede7430d6,src/main/java,src/test/java
3ce1a8b1a70706bf44d1dd9d7d2a462d85651bd5,src/main/java,src/test/java
851d0a81b2f89a59be967f74a8b9f373a58e525b,src/main/java,src/test/java
e94c3ac998e10bf0a4e4c100dfc1da5d851a794c,src/main/java,src/test/java
b362f381ee3a766a1a2a95a9ebacd12dd378d39f,src/main/java,src/test/java
fbb2c0ed7ebf8387af53c8a7fd8fa48882099293,src/main/java,src/test/java
542d9527b8a837aea0d25de99d18ab74787e0054,src/main/java,src/test/java
1cdb1aba8a79ea50c404b53fdb0959c37615f295,src/main/java,src/test/java
d3ce1a920943a3a112fa0d04a78638d39ea804c9,src/main/java,src/test/java
51849d1c656401fe65b4900f9f2e7a31b8402ecc,src/main/java,src/test/java
77cd949082b489e50df2685cc2cfc3087230723c,src/main/java,src/test/java
37e919dfea16b588837a6e0fd3050ff6f7fe2542,src/main/java,src/test/java
2d8ba00de9ee0383276857a39a5817dfdad48486,src/main/java,src/test/java
1330324fd631e5f32eb4cb3c3339d35e8f5ffc4f,src/main/java,src/test/java
d34150e197112668b3c72e44c2e73c67df3ff753,src/main/java,src/test/java
842479ef9551e42103526af178d6a50e1b8d87d9,src/main/java,src/test/java
8c409147a6d219558397e47e9e823410a3f9715b,src/main/java,src/test/java
29c50d13768f7b45a71d308d464fa9a69317b9a0,src/main/java,src/test/java
23833c69ed0505d484a0ad176930a9aa66728408,src/main/java,src/test/java
90f3c72aa4a53c266ddb35a53a6d6af463d37da2,src/main/java,src/test/java
c03a6da8d531a34b137c6f18ccd5d0774961b2f7,src/main/java,src/test/java
c5356bb505f05f1467db850876d019a553548b0b,src/main/java,src/test/java
618355d43bf4576fbef3f35b52050dd0b3407732,src/main/java,src/test/java
670d48e422d972c4d365d9fb10665c67ca3f8543,src/main/java,src/test/java
470911f468893d4fa8e954e7ba2a8e87c84fe144,src/main/java,src/test/java
fe3a59ca8c72454d8bac970054cb362e7f37fff7,src/main/java,src/test/java
0bd792ca3e680fd9bbadee6aedeb5e3342b4fcfd,src/main/java,src/test/java
1003443a0ea05d23940d71946e65cf8690a95bcf,src/main/java,src/test/java
f5a4c6fcee80978e58641a28671df514ffa16af9,src/main/java,src/test/java
f8f8235722bf3e2a4a066b77a4ca354a10213716,src/main/java,src/test/java
b35583e6a1009c4889f5fe713aeb551e3180cdcd,src/main/java,src/test/java
282455b2291e0b23e2cf05b525f000cad021eff2,src/main/java,src/test/java
b52b158891bda0039e15c6ab67c7a58ff6270896,src/main/java,src/test/java
8d29c91a573c3b227b8ac61ebd8728cf7f60ecd5,src/main/java,src/test/java
28d5b6bb8af308c0eefb0e0df4ce2ef59054178f,src/main/java,src/test/java
c92f037e79f0d76b6da008e01fe87078725bae62,src/main/java,src/test/java
dba7a05cd182f63f453891e2df6187948fd047b7,src/main/java,src/test/java
69834e6460d6ce2606f7bace7108e35bcda78d55,src/main/java,src/test/java
5d71d0621dbc72124e3b6c6b34ee2d0156e3f7c8,src/main/java,src/test/java
7a4496a8228578778399902b53dd2ba82e54dc52,src/main/java,src/test/java
8438b12a645814037f4ba73cdd5251e48b952dfb,src/main/java,src/test/java
5560678679e42ac5e6687b0950b2c8da8947ea47,src/main/java,src/test/java
48ba202b80e4ee135424607b97851fac6c0f30ee,src/main/java,src/test/java
b38304922c1c7f4bd150482d034a54bff5f6332c,src/main/java,src/test/java
fa1dead3107b73167fbcae3444511a67572ccd0b,src/main/java,src/test/java
2a42746cd79e63cfe5eb3d3a8f870a6675e12dde,src/main/java,src/test/java
