6a382be9078a61a628acb8378b954ef169597c58,src/main/java,src/test/java
e58fd473879975d04b2cb643744bfd6d292247fe,src/main/java,src/test/java
77ba013182a21c44d44f7e1583eebb5188bdf48a,src/main/java,src/test/java
c354d397027138baba75ed1177b2e92b1163f121,src/main/java,src/test/java
f4a9081eb9b59b548fff4fd85b646d4c598c8735,src/main/java,src/test/java
ece53b548aaf2b4f8d87bffa067ed8c4137430f2,src/main/java,src/test/java
c470edc317582ff36957cc951a4981ddc488cbef,src/main/java,src/test/java
fad0030c655d2fcbcaeda5f779113acfcabc5f1e,src/main/java,src/test/java
56899d7d9c906ee82d2cb3a0ef5ade68c6aa8070,src/main/java,src/test/java
53e8a6b1ee0dc7962fbb84e4faf3a7219959addf,src/main/java,src/test/java
2429ace84a6da8137122e7c323f4c5c8112d4d78,src/main/java,src/test/java
57393912eb87b994c7fed39ddf30fb778a275183,src/main/java,src/test/java
ee025383c3e79ce23ae19e6da961189b636915eb,src/main/java,src/test/java
