74389a77b95a9d09a10a758e90d7052eb338ff2d,src/main/java,src/test/java
025b28e4c07079eecf30daa24f4bca23878bbce1,src/main/java,src/test/java
b3c48c242e996b4c818a349d173e4b7f4a7546bd,src/main/java,src/test/java
17310507ad965a336acf48230e519bf09929cd81,src/main/java,src/test/java
5a5a7020a0469d22d862d60142447f5c3bc81376,src/main/java,src/test/java
91ce9a3b7f31b746bf90d146d0a583c52db50ba4,src/main/java,src/test/java
b64d95cdec5896f06785df44afeaa2e08a26bd84,src/main/java,src/test/java
8faf2431465d7f456776e435cdee0e2533657463,src/main/java,src/test/java
d22b4bb58508a889400ea4b596e54ec5a7c84878,src/main/java,src/test/java
83ba40d8fd2de919f17c97544780c65e2dbf09c9,src/main/java,src/test/java
f6e66b4e17574f73155313bf085f2708cb14d9c5,src/main/java,src/test/java
b8d91a61c5165f4b49d74a3f283d585764977cd0,src/main/java,src/test/java
793cd837c79cfb0330eaddfd808d473c6e7b2e77,src/main/java,src/test/java
1429d026eaeb04f4058234d60a2767cf494f1edf,src/main/java,src/test/java
d14b1a3670c983efac0e65a04639047b88df06ef,src/main/java,src/test/java
b000619002626130b9e399e81ce01051a6b3015f,src/main/java,src/test/java
049cdc36297243956f689ada34a446b2de3bfcf5,src/main/java,src/test/java
974e403926ef8bd2f8e628916da53c7f73f9f05d,src/main/java,src/test/java
d99041dba1d179f704c59d854250eeb632cba4ec,src/main/java,src/test/java
28431eef570cd680f3866a7ee89e7af37f9f2261,src/main/java,src/test/java
bca8228f1bb4109241768a0ffea36712322e2fac,src/main/java,src/test/java
89920761bf19a3b19c2431d07ccb257cf70da59e,src/main/java,src/test/java
324be4987d6dde77ba81dfd59c2ef5f43378eb0f,src/main/java,src/test/java
4909d6155b8fe859aad5b061d1b2d54ed7441f5f,src/main/java,src/test/java
5a422f3888bb7f83d079d7461dfb00cb338031fe,src/main/java,src/test/java
92333173ec797513495826f7569a3a71d5d5bde3,src/main/java,src/test/java
2d1280b0da9fea2428d363afdf6b622458ebf489,src/main/java,src/test/java
ea3ea2cd046925afd70de7c558ae513a3764a059,src/main/java,src/test/java
50622cd66afe4ed9a7bc2d66ec3f7533d2b587f3,src/main/java,src/test/java
a2a02a8870e43feccb6399ab2b7501107011b815,src/main/java,src/test/java
56d493f08c060292ed93cbefaf99d67f698aca34,src/main/java,src/test/java
a5c216ba6bc35638b611fedef28351b655b08e17,src/main/java,src/test/java
847f243d5540a772b2fa575c7e26c1b24d471184,src/main/java,src/test/java
afe496c9b05fea0b441d3198a06804bde89cb641,src/main/java,src/test/java
2ace7fbdbaa7467ddebabe538518eabc766d32b9,src/main/java,src/test/java
d8d0a616fd69ea4b16b14d2d7b38abc31d347739,src/main/java,src/test/java
5c1f72db7efbb917efd624c244b6ece59bea7965,src/main/java,src/test/java
0731528a1d4cff9593b8890c51e11497165a3532,src/main/java,src/test/java
714ce9c8414a3772023a1473bf7e0ab16deb5b91,src/main/java,src/test/java
d72a183e5288d0e883bd877b2a4cb864d1088f50,src/main/java,src/test/java
31b33dd123b4c0bd76525a39b3125733ff16b170,src/main/java,src/test/java
e29f4ea008c9f9c78599a81167478d4c5cb3ba4e,src/main/java,src/test/java
5231f6c4d62ec5050e5706204ef2ab2ad9574384,src/main/java,src/test/java
cdf8bdd9da89ce3a76442754cb731b0549279147,src/main/java,src/test/java
c1127bdf5dca4733b724314111f2506bb050644b,src/main/java,src/test/java
67e9a5e36d80f4e70a84ec325132b784ebc43d58,src/main/java,src/test/java
df6f5cbe0d9ae72e5b7148327cf4e38ca545ad65,src/main/java,src/test/java
a9572d6a11ba10151148c3a237f98e59ba2095fb,src/main/java,src/test/java
2db14b7d7c230292ec73f91ab961c57f8a61d698,src/main/java,src/test/java
87cb49471d3284a4bb4c76ca34b26a9a91d5c65a,src/main/java,src/test/java
a90e1b3befffcd7fbe4233a44e197f899e704059,src/main/java,src/test/java
79c5006e453f3ea90a70f9d22133a41f93e2fea8,src/main/java,src/test/java
35a9089daf47581c45f5664660e54231ef817fbd,src/main/java,src/test/java
87a0f33a57757437dd20b6a25451f9111e3c692f,src/main/java,src/test/java
90de708c9d859f8e3198c315ad2dba90ec84f17c,src/main/java,src/test/java
a2834e271cd323120999ce56e39d201ebb149cb9,src/main/java,src/test/java
69f161f5c5f24fadc4b51d31b69234a533f806ce,src/main/java,src/test/java
cc96b10f00073478d9a907fbc3e322744832e9e7,src/main/java,src/test/java
224ec11d570c6b1da3b4be1a86ada7b271708bd5,src/main/java,src/test/java
e0b4d1b70af1d50119156f96cc383f0bab04562d,src/main/java,src/test/java
6561c6e00188d86c0a2faebd2de7b5bd19fe5319,src/main/java,src/test/java
fbfae0edcb4dfdc5ec9945ee24e9aac8b9ee8264,src/main/java,src/test/java
d022624076a7d8ee53c77b5c7a5787ab7147c974,src/main/java,src/test/java
3d7cc46246b303c244df79ca9f21e071312eb54f,src/main/java,src/test/java
857c28d549587231409c6a3dcfc0aa6ab6543bad,src/main/java,src/test/java
be69e6d1eee97214b3f7469e4eb432707deab2aa,src/main/java,src/test/java
a95a1d07ef767f3857363c1c7fa56b548b51feec,src/main/java,src/test/java
1c0fb0e582acb3e1a87e9503a19cadeffedda5c3,src/main/java,src/test/java
98f09323cdc68c3340c01cb41f5c77c00076b662,src/main/java,src/test/java
0e6419fcaa4bc538edb266e5a3d23d1cbf32089b,src/main/java,src/test/java
de4591705bec6910a3e0bb831aef057b76094116,src/main/java,src/test/java
d84ac7f7f034be7db56321d03d70f7ccfa775a4a,src/main/java,src/test/java
64c897257729928de325401352109455ba8da736,src/main/java,src/test/java
1d8bf0ed6f1f029870f82ca64ba31d27d504e5e7,src/main/java,src/test/java
423d4490df64652c633a2f417a6c9552a636b28a,src/main/java,src/test/java
88a59b6c8d6d6eee019beabac5a97ad070ff198b,src/main/java,src/test/java
cded2c862078d15e5c46deec45ecdc5ab82a5b02,src/main/java,src/test/java
384a00b0db09ea8c75ade3e7856338b185eec537,src/main/java,src/test/java
782d94c2b3ae0d1cb98c0bde3fb2982dfa2dac69,src/main/java,src/test/java
9326820359065453343afcb86a256c8af2021d3d,src/main/java,src/test/java
8c045f9b198c9e84635fc2dd1294f130fc54e7b6,src/main/java,src/test/java
1945965a470cffaf12bb70d17e1b3d18d4bfbc7a,src/main/java,src/test/java
4cf5d129815ac5c117b9481976ae2d46b34d5658,src/main/java,src/test/java
64c2f385c842576806a463dc9ea8ef6a47074435,src/main/java,src/test/java
97b6fd22423f07f481dd9d0a5788a989f775a029,src/main/java,src/test/java
e8f6ee147204bb6261fca3ba41cf9d6c1ace7306,src/main/java,src/test/java
4c8cb44886c816d2ab8f23f345ab2ddc520d9660,src/main/java,src/test/java
685a720b8552173ab3b9cfa689ea8cd9f8abb4c4,src/main/java,src/test/java
f4e01b7fbd5c88f4abd05ceefa43072a312a55b1,src/main/java,src/test/java
53115eca574a8f3aed87c5081b60f8ff94ade5ef,src/main/java,src/test/java
810a69c84e1ca2dd6d6d8784ea7e659e5d5b4c1c,src/main/java,src/test/java
f1143fc9ab9a527596e73ef8825889ed424f1a37,src/main/java,src/test/java
d2f4bf23508ba30ac351d8dbc0404e5f94292071,src/main/java,src/test/java
49542a780691d137d8c1716e3ec86722c5c96ec6,src/main/java,src/test/java
cfb1ab35adc2d2da12e076831038a560b9e03f73,src/main/java,src/test/java
8dfef3f9c083361948b1d4fcdc0abe79ace3bc86,src/main/java,src/test/java
914c7c40204b4d75c2d6d1ee6caa40c7b2017bc0,src/main/java,src/test/java
00919aa6972f31f64ee0cdccf795556dec2ec830,src/main/java,src/test/java
3c660120d2c55aa036d24abb9ae9d1d18b6cc05f,src/main/java,src/test/java
0f42846c3fed406d0d43ee03e34201c5e43cb4c0,src/main/java,src/test/java
7cf0e871fb3079806640b6b3a9b671efc6e5ffba,src/main/java,src/test/java
a80f3023b0ae80fa1bd1a5028f3e6d4d3b303c8a,src/main/java,src/test/java
ea0e5145d0e58c9ba6c2d9eb3e81c4258df5d6b3,src/main/java,src/test/java
6ff879a7f62eb6cb2f98e5606c866bafe5338b4c,src/main/java,src/test/java
c49af7c04b62d46c911f09257e969524c097b1d7,src/main/java,src/test/java
8998dd83b4943f6aea236f25fa6c66bbc5d16464,src/main/java,src/test/java
1ef8f18aee37320c69aa8ad7899c9ad94e795cb4,src/main/java,src/test/java
18eac4e6269a0a231a811e4b0b8824bf48ee02e5,src/main/java,src/test/java
4d4fd6c2365273deeea453cbead7b0cc1762373b,src/main/java,src/test/java
43fbe65ead59780d2c11fb75ce3cc2d266aef9df,src/main/java,src/test/java
5a588a980100639b5fa6e211beb9d3787dfd9596,src/main/java,src/test/java
392644487d08a1cd067c1f4f7a141925d049148e,src/main/java,src/test/java
d3a939fd79f58b1f95ee3f35ef7c982ed9624025,src/main/java,src/test/java
b372ab275d8b4d9fd413aa3b7909a08240f1a1b5,src/main/java,src/test/java
435c5cdd954525771514ad78cff133d1361e4c26,src/main/java,src/test/java
7e0db924616f629c19f13735b19788f51f0b80e4,src/main/java,src/test/java
b8e593ca17f28bc889e1375165bf2aa1e411abb6,src/main/java,src/test/java
805e181d5513c0ccd4cb197679810d0feba8dad9,src/main/java,src/test/java
e9e4d20b750a0236a47a03e033076a10d0dfbe9f,src/main/java,src/test/java
ec31afd5ebcce6de65cb0cd8917a2214a8477598,src/main/java,src/test/java
c2ea570ea0e44fb2ebc97da5554738e9fe19bfff,src/main/java,src/test/java
87c5e6c1cf67c77293d3c4cdcdab51afcb9c50a0,src/main/java,src/test/java
fd8af5ac09eeb582d75eaad6c5b75bedb8a76940,src/main/java,src/test/java
588528ce17048c0047b45476ffbb8f89c93b8063,src/main/java,src/test/java
1bf7b4a2bf744adc0a57502cf3a162bdd257d06f,src/main/java,src/test/java
8a8ae5efbf9161977bafe382a2c85fcc68885735,src/main/java,src/test/java
7dbcf4afe78e5e28480058ade3c66176f1882b1e,src/main/java,src/test/java
aaac1a21f82a642d25bcea23fceb1d5c6a3414d7,src/main/java,src/test/java
f450d17969d13254fb10f5c12105cd5cf8c1f285,src/main/java,src/test/java
482d94afe4c39f17c2bc3876db9986f23de16e12,src/main/java,src/test/java
d4b89407ebb5c071c347731b5950446a5b470dcd,src/main/java,src/test/java
2b1bcfd69cc56b3e7aff3bcfe342bcc84b8d4efc,src/main/java,src/test/java
3664cb0e16496f3044ca44f4726a77ba48703b70,src/main/java,src/test/java
46d1dd4955de0870b8850da00dd3567a33c66478,src/main/java,src/test/java
a4fbee7f6dda1e9663154d618eb30656c24955cb,src/main/java,src/test/java
9dbceed5e1959508b0ecec037cd6d7e21597762f,src/main/java,src/test/java
a87f359ead860cb4f7acd19aedfe252c1ef9b3d2,src/main/java,src/test/java
4e5e7cc493f3dd3efa78e2d74520c399a2dfb9d7,src/main/java,src/test/java
5678ef3cf1dbc5a83b831ecf39532b0bbe9aca32,src/main/java,src/test/java
e87bd19565701771e3d1f9e522a8f8a7b4914f0e,src/main/java,src/test/java
c924cb9789ef37a1d83b9356b277ef7e26e1b6fd,src/main/java,src/test/java
b2cd53f39e109e25923394a5b2187631393a6149,src/main/java,src/test/java
f8e10e2311d91cd205b3e9d64e6b7357576bea43,src/main/java,src/test/java
bce7d7afd10c2fe17f5fd1d169270789b1ec6d35,src/main/java,src/test/java
4326825ef05c968cdac8509d3d12a3639bd73ad6,src/main/java,src/test/java
e05e3fc8031eb08f6d0815316ec7fff3367df53c,src/main/java,src/test/java
03b8db827088d393ccbfd710cbf3d4225dc1e085,src/main/java,src/test/java
419c739e8eb26abf33fcb3879b8ddfb739754abd,src/main/java,src/test/java
716d630abe35f5161cdc283caabcad8aaceb851d,src/main/java,src/test/java
b8ab25f530034baf1d627e3dd9783ebeb5e774d1,src/main/java,src/test/java
f86543e791d1f06542fac8f6e5d2ec6403ff7fc6,src/main/java,src/test/java
caf0393079d379bd8599265eac823b05527bb46b,src/main/java,src/test/java
cb92226805f79ce67a6a27860ebeab472f479a44,src/main/java,src/test/java
fd3a774dc254e9c2da693bf8f92a3f6dd7057274,src/main/java,src/test/java
15f09dae0a653fbb4f3fdaedc1ca52aac996f6d5,src/main/java,src/test/java
7b47a90e10a4b6dce6232cf87e8526ab549216bb,src/main/java,src/test/java
6a1f74d21edcc9768c94392d47bcb3f9251364e0,src/main/java,src/test/java
cff8eadf26177d279e47f3d3066a733743455178,src/main/java,src/test/java
b8e952da80cf3a3cabd8fda6f89d0ed1b797cfb5,src/main/java,src/test/java
