e87c847657454f1a57b23b381b3304ba4f768b11,src/main/java,src/test/java
184e51e99c9774ca3cdff6a1d7568d63ef19c5dd,src/main/java,src/test/java
757f4b96fa68ff85251707c0f8183de133d04697,src/main/java,src/test/java
4bc20743fe628341a7cce407b36fa1984b912f92,src/main/java,src/test/java
f583754f9deb35d98ec1229e565ea39cee0e296b,src/main/java,src/test/java
8e518d884ee35a118d6f7772ce3900abd07206f9,src/main/java,src/test/java
de670c54f8ac3bb979ec9dab12c26365db35a685,src/main/java,src/test/java
11e73089311e8e9a889e0c84a462377b1dfc727d,src/main/java,src/test/java
2acaf1ba130f7142b7c661968a929795c9f5d2f1,src/main/java,src/test/java
c0fc732f61d7805c19df01b70934cca58499401b,src/main/java,src/test/java
736f9122436fd00844416709840eb1190454f4b1,src/main/java,src/test/java
a9002edb2d433fb8c3b97b93ccb382ee8dcebca3,src/main/java,src/test/java
8b4d9de39eedeef10ff1ff0a383606b6b94785bb,wicket-cdi,wicket-cdi
7e032d211feecf00b93f72fd0ee49c42abf08c61,src/main/java,src/test/java
f3f065c267338f17b64a6b1cd0d72fb349118d68,src/main/java,src/test/java
5f0e63c8a91ea74c57ed6ba65a9f8a60d30eb130,src/main/java,src/test/java
b310601e79c863570dd6d4196a5c7c2aa13d7cf7,src/main/java,src/test/java
2e8d465c31cf5024c471e1431042c329a822d2fe,src/main/java,src/test/java
7cfa536d687a181d73bc2e38d1e7ffc3e0032f0e,src/main/java,src/test/java
138abdd0ecb05947d42385db22982f3a42439e16,src/main/java,src/test/java
c8974ee132d4ba1cf1f4651fcc89b0a61bdaae63,src/main/java,src/test/java
d79c4c2bc83b56e40933e841682a4115441b51cd,src/main/java,src/test/java
