0bcd5c75255bc756ef9d120964433aaff8faabd0,src/main/java,src/test/java
a35ff6ba8d590378e8d7a2400dda4a9b1168b075,src/main/java,src/test/java
b35e1910b8de96d3924ce355bd6d7f8c0198aeae,src/main/java,src/test/java
4e6c26633974375e34bbc9152a952284ce4fead6,src/main/java,src/test/java
86c640298c85092631054b0ce0ad79d1dc24e3ca,src/main/java,src/test/java
f997745e5ffb1aef4fc7f339b7fbcba2ae55e015,src/main/java,src/test/java
3363804d93a5d962c95fa39ea1183042ffb57077,src/main/java,src/test/java
f65d042b3c9c29834bdf4b54bc6bdda6ac4ab4aa,src/main/java,src/test/java
0480206df8a9fbe06bf8baa8e02b6fbaa79c84b5,src/main/java,src/test/java
713d6c5e44c4d7d1825670d57f57c8e5204361aa,src/main/java,src/test/java
6da8f42b7a6acd9fa09d820c3fd65827c8796ce3,src/main/java,src/test/java
c9340a90096269975640cc9989526d829aba2de9,src/main/java,src/test/java
a24ccc2211ea6c9af0bd731d6824536193b0ee41,src/main/java,src/test/java
e8958dc7429f0d6c214dec96b734a0decd0636b8,src/main/java,src/test/java
40abe932c401c56c95b5e6b74ec3109af691737e,src/main/java,src/test/java
9d24e74ef75c43aca0ee5b7731cac1bb77bd5772,src/main/java,src/test/java
3fca3056a73697d674431602d1444a18d8d463fc,src/main/java,src/test/java
6f69605bae4f3d409ad1208ac215abdfb6cebdcc,src/main/java,src/test/java
dd4a8e7c13bc94daa0f184bd80ba668f4f560e17,src/main/java,src/test/java
df3f16c308bb82081c7a3dce0c0c878942ad1b47,src/main/java,src/test/java
d18c82eb48cd943bb1d67496340307bc2b646d53,src/main/java,src/test/java
2255197bc90dcd6aacf188c754ca04de29289f42,src/main/java,src/test/java
a246dd73d6feb8d833da3348768b7dad85886220,src/main/java,src/test/java
d1a315977f12bb829e6bb180b93812abe505c4c4,src/main/java,src/test/java
89d9b9a97369a455087d9b201661b96c0ea6b90d,src/main/java,src/test/java
4ec2ae9d610bdcf1ee234a2f96d641aa3a40ecc8,src/main/java,src/test/java
11eac26c0e8c2245f8c8bf8eb5bed999b2814576,src/main/java,src/test/java
d5c866fa63545acef2e24a2ecf9cff32b469d14e,src/main/java,src/test/java
7a34a40c561321e04da1fb33eaabf33e4e50e902,src/main/java,src/test/java
cf110c7da6d49a138d5ea11c914df15faf11a52d,src/main/java,src/test/java
