704b023e8967656116d2c1437ed96c47bc83708f,src/main/java,src/test/java
7427ae1eb3e4580dfbe838e6c48ed11f162a6e74,src/main/java,src/test/java
bce33476a035a1de77ca2d5116b6871e8692f788,src/main/java,src/test/java
5165d0d94a6717aa4a57e70f4e4818be2699f0b1,src/main/java,src/test/java
39d709d39e900ad2d8246d519ca13640c70610b1,src/main/java,src/test/java
c929fd4d53c705de840c53f48a7e4ae485217d86,src/main/java,src/test/java
423285e38acc7f8e22b42091c78bc8b0c6ad03d3,src/main/java,src/test/java
d056218c7529d471e09323835ed426c79e2842cc,src/main/java,src/test/java
3c613d9f8777c30b73f6c5aed687a4642d7d0a75,src/main/java,src/test/java
9c53c73e6475d2c701833648a18eaff029626087,src/main/java,src/test/java
aa447eb0390625d561e018315d8719c666ad2d31,src/main/java,src/test/java
55a509f2b1fb9d9f1787940197f99c95beb4d0d0,src/main/java,src/test/java
085be94691357db5615ed4281a978b686bce6898,src/main/java,src/test/java
4318b6c4c8a005117590cfc1e861d1a88ad4c068,src/main/java,src/test/java
907936614b4af24bb9fd383005d10c758303ff6b,src/main/java,src/test/java
9c56fa3a93ff1979373c681337c335de396ad916,src/main/java,src/test/java
2c092c89760d539f477517e4a3a80c2c23267237,src/main/java,src/test/java
ecbb8e8f1874a8b393c62d7eaa838f71ea3da964,src/main/java,src/test/java
2dbf66239e24b4519727333296f77a9d6fac9223,src/main/java,src/test/java
f1d6a5bff7f8910ebe1197adcac56eb8c175cbdf,src/main/java,src/test/java
460af69b0030680f85babcc4a0e50b5c76a5dea9,src/main/java,src/test/java
bb9d718ccf50f21c9928b0359fdf6a0b96115516,src/main/java,src/test/java
c8c77afeb63f88d7b153738db2bddba12aeda969,src/main/java,src/test/java
c90fc1e1a1520bc3ac9872681fafb1173dd038bb,src/main/java,src/test/java
19d2eee152a9cec02f09c32e5d4dee5f30f16f3f,src/main/java,src/test/java
bce966993ccae31a100fe3cdb45928dbd2f11cd7,src/main/java,src/test/java
4571061dbb386d4aaaebd55efca2078703b95153,src/main/java,src/test/java
0022b7f6be25eb7d3c778b137beb6e8a7d2784ca,src/main/java,src/test/java
7842c4e7e2e3c2b33fc1bca7a8a80e165080bc59,src/main/java,src/test/java
b4aaa69b9c10a61c7ab2f7476c90e4728ef032e8,src/main/java,src/test/java
fc79de813c788ee141175bbf1ea6d0cdefa94a0f,src/main/java,src/test/java
c25033175058aaec8973d9b7ad9bfe6f89e7b505,src/main/java,src/test/java
6d29394225ff49ad12582d8e8e5bfc7b07e9ccfa,src/main/java,src/test/java
2720b97d62d827cf82ffad93715dfa261e34d8d8,src/main/java,src/test/java
5d87d279f2e142d25a4f92991b1caa5700c9b821,src/main/java,src/test/java
9542419ff262d102f8f8ec21dc28d795fbe876bc,src/main/java,src/test/java
d7ae28007c409995a75012d84611151a308c0ded,src/main/java,src/test/java
f1617e202025db1ff6f94deb70c66f14772273bf,src/main/java,src/test/java
6052303f32c0f7e51d020f2c4e0e747c43ea0ad0,src/main/java,src/test/java
2492a3a3ce70062f2e82658f0af446f94149d84f,src/main/java,src/test/java
eeb218c48b1f40734ec25f6fe257f27b8792f42e,src/main/java,src/test/java
146f36f2fa679f48e520c9f33e833147e407cb74,src/main/java,src/test/java
e7e748151da513850567395d376e02e4cda864a2,src/main/java,src/test/java
687ae742d974482881e52c5c05a608d99020383d,src/main/java,src/test/java
3a4f70510b8b2a536748f3f5d85b824e23431d37,src/main/java,src/test/java
3f79b0db73959218bd026c038332191e87c42d91,src/main/java,src/test/java
230515947ef9e514428880dede1b424e599b2251,src/main/java,src/test/java
ab70dca9d7193320a115148fdc2ca9c54394235c,src/main/java,src/test/java
1b1defc685a4cae715d65001e36e2fbe55186bc8,src/main/java,src/test/java
a8da47f14f731825d86b0ccaacf8e1187f6d50eb,src/main/java,src/test/java
173d823a9ccdbaf1254a36b8172c8ee0c2734478,src/main/java,src/test/java
9c8709276f4593e646a88c907a0730b097eae912,src/main/java,src/test/java
15447446440f314e7880fe89fed13ed06c09f7e8,src/main/java,src/test/java
fbefd8ce556b7ab027647c5dbedd04146f0a0fd2,src/main/java,src/test/java
398e834c4f1a082fc541f87eaf2b90bdfab07b6b,src/main/java,src/test/java
f23a47b345c49204b2c07fd7593b15c3933a3b9e,src/main/java,src/test/java
f4486376809eec08f73fb4928760624a4fc3ee85,src/main/java,src/test/java
d0389168d14bf8ce56918d8c639f3ab66176029a,src/main/java,src/test/java
51557414965e50df7ea659a40c21d5303816b40e,src/main/java,src/test/java
73859cce8563c3951e39fef58b189acb9718e5c3,src/main/java,src/test/java
e70e400e9a276f4fa8970ea9d415bbe24342be34,src/main/java,src/test/java
a492f876308298b53676e3dca78003f8cf6049c7,src/main/java,src/test/java
8a5c45b231c96e123345bc60702f9793f6434248,src/main/java,src/test/java
9e82b4d33c275ef846e294bf145ff690ec816c0a,src/main/java,src/test/java
4c6e43d9afb276a44002ed4f0c9c62e6af5171bf,src/main/java,src/test/java
686ce61e5a57d3865f5915c89fef68842830dfe7,src/main/java,src/test/java
ffd65437bc08f41baeb49332c166b64e35aec54a,src/main/java,src/test/java
46888b1a06f6d145dd8403b8e88280f111fd1539,src/main/java,src/test/java
be5b64a5c089a6b2c3a98bdc062438cde8096a73,src/main/java,src/test/java
c3e6ed9031eab3f698a149c7c2c3f70c095ec8f6,src/main/java,src/test/java
2d824cf29f7d914405e262f4111aa2f5a7c272dc,src/main/java,src/test/java
e3e0bef787a60ba9cfd58dd5ef22c0f32025b7e6,src/main/java,src/test/java
fd760264c8d4809bece403c294b98b0cf23e031f,src/main/java,src/test/java
a27a04831fa7e43b26d23f14091b615a088eac83,src/main/java,src/test/java
4b8ea2703c1fe30b0345624b329d79d5ea1d6924,src/main/java,src/test/java
31439c03cde08ebb2be81c4ef53181b00035d02e,src/main/java,src/test/java
72aca97eaf2b03f05d7d895b459d818a2140922a,src/main/java,src/test/java
c958b220b9559bb5fedbcc6e5c17f2dc142fb430,src/main/java,src/test/java
f0875d7be6c0549a091656fa1bd7da22ed3409b0,src/main/java,src/test/java
1f11dd3a5ba625a8dac6e6c6200c4e93e112a652,src/main/java,src/test/java
6038724be73a323268f489bcee034814e8e95073,src/main/java,src/test/java
c49c107338b0a4300c8577b8006a6c20c62b4bab,src/main/java,src/test/java
83125578df6d89d1a617ffa2a1c3c82d0f78f331,src/main/java,src/test/java
ec8f81e687e086940a10d4d2e4ed0ee624bbaa7e,src/main/java,src/test/java
ab3c7e8931b319d1bf2df4170cb857dda27ab8d1,src/main/java,src/test/java
965fc066c75a0e1684b9a631dc31ce31571322b6,src/main/java,src/test/java
ee39d1f3d0cb3927f322a6182fc60d980364fae4,src/main/java,src/test/java
028cb473765b4704199e11e1d9aa4aa5ff5bfc99,src/main/java,src/test/java
71d0d913bed5b877d61a230aeba99082a0441f66,src/main/java,src/test/java
97141dab3ea3b187e1c1bd93bd12f8afa6a3b601,src/main/java,src/test/java
acc8d7399e291a8c9a517d223dea846c1c67d7c3,src/main/java,src/test/java
f228c918d1f84e2fa7ec8316ffa86ba87d24889c,src/main/java,src/test/java
3de9423a5ce2644affbbe4d84bf4815a191fe0b4,src/main/java,src/test/java
afa3432e4046a0c450ac5c71106ab056c3131926,src/main/java,src/test/java
6813e9efd86a4d032d3106000fb5e805deb26454,src/main/java,src/test/java
4f7b8595bbcd691649e63e49deb9ed0adcaa81e7,src/main/java,src/test/java
d4b9c3035aaeb4ebb740fe50d9a9939091c68bfd,src/main/java,src/test/java
360774cef46f07b704380f52eded7989518da0d0,src/main/java,src/test/java
16afd9c57887e3f4826ba422633a0e80b19d9564,src/main/java,src/test/java
a2553b37f148ea23972dad52fcfbdbfe3bed9e2c,src/main/java,src/test/java
3f06a6a5db7ea4c783969f030fe9ba25a030899d,src/main/java,src/test/java
a7e0e0f5008b20e2d16ecfa2e4890468ef2a53a7,src/main/java,src/test/java
9a33651a7e65cb22ec0cb3775ef6419d4336b509,src/main/java,src/test/java
bf72bd7109f9bb02c185cbfeefb7df3a408a1200,src/main/java,src/test/java
6ea6fb8434aad020a3f9afba270cbd703b4fc1af,src/main/java,src/test/java
b5836edb0240764cd718cbe6bf2ce783fd7dc29d,src/main/java,src/test/java
74f10b1349ac4217a66be64431ef99b4388633bc,src/main/java,src/test/java
2e2d2cdfe36515cab8da4f2b6e43c5b6ecd412cf,src/main/java,src/test/java
99554b9ef44819b6b654e8e3d900081bb66c1db6,src/main/java,src/test/java
bef6b3fea4303fe8204c4556a9bf1ee0615a6826,src/main/java,src/test/java
6b337324b8f6f35e726af6d0faba3795f030c23e,src/main/java,src/test/java
e04245b534119ac5c5b8a7181b33bbd1821aad29,src/main/java,src/test/java
a13f92243d375291e22d64534123a9416fc0132a,src/main/java,src/test/java
30185646379b051b81484dd75ad34490fa7461b8,src/main/java,src/test/java
eb2585b66da7438183433fa4a50cd1523722485f,src/main/java,src/test/java
1cd042b61d0dea08d003a7ff9e57f175343c039c,src/main/java,src/test/java
29b6268d917a19ffd064f93bf2e257ab5a8a849d,src/main/java,src/test/java
b3e301e66ae7410aac6e7c35186ab8d909166ca0,src/main/java,src/test/java
a278edd85cfff9028004cc37c95ecac1219bb954,src/main/java,src/test/java
73a982c7c13bc00893f34c65beec6419a56c76bc,src/main/java,src/test/java
dd48dcc0f7d3230a072afa8908830892193d6c0b,src/main/java,src/test/java
1fa01ef7014b6f2b3044ee6fc673e18d318acb09,src/main/java,src/test/java
463767774c97a55f9f0c5bcee1bfc62da20dc846,src/main/java,src/test/java
19e261c53fa4c95a5e12c49dc572cc280c3cb0ec,src/main/java,src/test/java
3648f80acea2e7d29bb808402ac816b788ec383b,src/main/java,src/test/java
daa442cd7e100a7f48541cf17bc29b17c68cb5a5,src/main/java,src/test/java
0a06a86121ab5d3ac6d85531d75f70eba469cb01,src/main/java,src/test/java
c0a03ca0ac57997895b6f867e5df109433cc35a5,src/main/java,src/test/java
89f4b01392bd2c777e1603ecf9ca84cba1e1706c,src/main/java,src/test/java
d459c6a9c7bb0241c5bb1d6690572d9094ee5833,src/main/java,src/test/java
909cd9114652dd0a1724deddc8c97bf42c1ea293,src/main/java,src/test/java
a9ca781f8c44c74a30ca475d6b6f0579ae4abb00,src/main/java,src/test/java
b49f751ec4755fa026d6705511a2448e543cb430,src/main/java,src/test/java
ec1cbda2b70c8bf2628a853d151c2f5492460852,src/main/java,src/test/java
8bc4b36f52d12e37b7d8f37f7d2240caa233106f,src/main/java,src/test/java
7cde98cf44bb292051c58eb3bf9ac1aca5976793,src/main/java,src/test/java
f5f4a046f211851e901d303c6593975314171e55,src/main/java,src/test/java
f01534110f3c24b84be60e14c2593d8d83c1a042,src/main/java,src/test/java
a883746e6c00018ed522c2e9396cc9134cb3a1fe,src/main/java,src/test/java
231bbb6596646db3a6238b1014f9d43b25fc7cfd,src/main/java,src/test/java
261b93b646c503068328d291224b430e4618410b,src/main/java,src/test/java
3126c44412f515afb185b20f0fb8fc7287808c17,src/main/java,src/test/java
7eaaa25d28955695a71d48814f818649927c0264,src/main/java,src/test/java
fa8dae8b7aed18e73f01a6b13cdf01adbcbe4461,src/main/java,src/test/java
3e6e08a9fb55f5e3ab557a807e8665a47ecfb483,src/main/java,src/test/java
08391f8d8a1a19218f6ed6dd37f584b7460b2c56,src/main/java,src/test/java
3ad3b2136eb843bedbb686fdccff46f5c1cb5fb2,src/main/java,src/test/java
323bdadf48b1ca77dd007d4e95c66a9797b9e063,src/main/java,src/test/java
d288c53bf83bba5bdde32684838f54425568d689,src/main/java,src/test/java
2d7113aaa166b69a8503be27aebf36a8063b82bd,src/main/java,src/test/java
aaf51464d91e481f9bd943e9d21303122f8ca981,src/main/java,src/test/java
2350cbe04b5a4ed3fdca389b8a345017a4bc7d0a,src/main/java,src/test/java
a61dd58eea353637d74086426e4258de5927a8d9,src/main/java,src/test/java
f35f04a8da88280e8b121356ac5839fc0b8ac859,src/main/java,src/test/java
31762f7c411c44d38249c635e0e39c9345e34264,src/main/java,src/test/java
27cc57469492e9ea6bca8b7db3962fa8e8a9ad4c,src/main/java,src/test/java
6fbf13047db83cb77292386cce4c1f5bee66101e,src/main/java,src/test/java
528851411c6494bf92f2f929324a79ba28a941b2,src/main/java,src/test/java
137f1e59313a03d7977862016d2f500630d6588a,src/main/java,src/test/java
a35f009a043eac62f610ffaa28e43d7f6fbb86b6,src/main/java,src/test/java
03a96f89609b7a84e10b2c02e35f022b6fd1e05e,src/main/java,src/test/java
7bff988961587c0bcf9644b520faa3ed72a79952,src/main/java,src/test/java
10d909534e52c50a14738f0b1791f0458fe1b5d5,src/main/java,src/test/java
6323f4912433f64c1e890f7e6fd8156dc10b299e,src/main/java,src/test/java
46be13518fd32a58118f1fa09a52e794114fb765,src/main/java,src/test/java
2d6c28a4781786238866bbc942d7706e16ec628e,src/main/java,src/test/java
cf6f9746e3427f6c9cbc5c48d1153b2b523f5880,src/main/java,src/test/java
a4b7ac44725cc7d1322ed65b5330d11c2e45ac38,src/main/java,src/test/java
b99c56a6e50a86d6c3d2a0d12dbcac946e4ee2af,src/main/java,src/test/java
8fbfab7947d3cf547f7c27025be6876c5d86a1a4,src/main/java,src/test/java
8005cb3eecffe2ff64e06e669784564641c3e64d,src/main/java,src/test/java
0e65f69287f73e7b42fbd16ff7c9dd385ebf3fb5,src/main/java,src/test/java
42ce7a5e8491e247c617e3872963882357765a33,src/main/java,src/test/java
44c4073f2711cd56948ea9753f94e51897262031,src/main/java,src/test/java
ad256743b978f6fb0fbff470b04a9c3a8b0d6ff8,src/main/java,src/test/java
ecc4a5866dcd7ad50cee13b7a9fcf7639766bcfb,src/main/java,src/test/java
7c696076dd8c20eda465869ef8f275bbf5c976bc,src/main/java,src/test/java
9952bcf7c2e5907276978fc02ad44329b11e1ce1,src/main/java,src/test/java
1b59b9efdcb5c820622c15d483bae54caf2ff62a,src/main/java,src/test/java
f411f1d4e90ca565d2a58fde6fa2d4a74db8ef4b,src/main/java,src/test/java
55fcbdc45bf3c6a78d7ecbbe2b13fe24fbb5ba1c,src/main/java,src/test/java
9f8f3b61b8e69624b2ac7aac3c98dcace55a079f,src/main/java,src/test/java
a6e0a2d55c6b5bb9a710a53b8dfc208696416fe2,src/main/java,src/test/java
2b319ab0c6756e7769a887a77e9a38f81fd50752,src/main/java,src/test/java
b21436999b1ce003a789f54485f4353b4cfb4b0d,src/main/java,src/test/java
9ee1ea681870080db422003f9312743543be8c77,src/main/java,src/test/java
ba82a5c90c5982449691dcba8c7b3085dd28e5c1,src/main/java,src/test/java
3852c87343bacce513fc5cfb1cf9095fa759cb43,src/main/java,src/test/java
cfc7ecefd370ac438afea03f1e6d718f1eff0fbe,src/main/java,src/test/java
41f2ab8a5cd6bdb60a195489fce38ef38baaf232,src/main/java,src/test/java
f70562363899989af25f69c5cc9bc244f9b8fe6d,src/main/java,src/test/java
31deab2133c8ec02ff9e2f62cf2ec47ce841b289,src/main/java,src/test/java
425bcd032adc9967a6b575da8042df3806671825,src/main/java,src/test/java
46ee42686a875baf123176040b2f341218e02e1a,src/main/java,src/test/java
c9fcc139f60353fdc8773c9f128f02023c52255a,src/main/java,src/test/java
66d6a865be1da049918487bad3d493df43876063,src/main/java,src/test/java
7a814e196519775079005cdf9bc73ec934302891,src/main/java,src/test/java
2ce9a6def3426b2a2ff89e6b556ae8b2653f6098,src/main/java,src/test/java
f9668cc621a5e664760dcf48c47d8feca10ad7d2,src/main/java,src/test/java
2199d47886c90daf5d7a002edc74b95e46d6e103,src/main/java,src/test/java
f47b7d1d38c0e0906a92f82b8b503d80799e11cb,src/main/java,src/test/java
72be3549a5e4f99115e9d491e0fc051fff77998a,src/main/java,src/test/java
1a968f8b2396a89b3037c31ece7aad16e667df26,src/main/java,src/test/java
d7d8e1d22cb397b1b7b296eb2a07a88c10ab9558,src/main/java,src/test/java
2eda64164268d18cf80b243956e0e1a4642f15f4,src/main/java,src/test/java
c62a152645de420e2e3b8f3129b5f451c84612df,src/main/java,src/test/java
6bb6a3c02dd8e3f318fd55d39b4497674c2e89d2,src/main/java,src/test/java
98146f4723143444ce7ed32e7ffb7bc26f5498e2,src/main/java,src/test/java
c53d8d7258804f277dbbad607eb8b7677faa9808,src/main/java,src/test/java
f04ada187c1642d29405accaf1943d8076fc5b87,src/main/java,src/test/java
c806510bd098614b8d518805ddd5359e7d8fe12f,src/main/java,src/test/java
42bdff0e6a4d5f6657e9edb902d271d46ab4bee0,src/main/java,src/test/java
02a7af34e2bf881650978adfa25836655f31a6ba,src/main/java,src/test/java
93cd399a84ebc21dac0b10265003a7fcf4c87cb9,src/main/java,src/test/java
ffee14816cdb41215013f44508112a4e56e0eae9,src/main/java,src/test/java
f139b4023f075f78efc7149ee7b9b950255ff49e,src/main/java,src/test/java
f98088643f24071469833b8bda3376cba46a19bb,src/main/java,src/test/java
ee30283fe8902a781d8af213afb09642d543f5e3,src/main/java,src/test/java
44693d063d37151d4a2c0bb5a6f786d6340eeea5,src/main/java,src/test/java
65c876ef634cab58c830d37c0a4068d2bc5cfd85,src/main/java,src/test/java
29fe4cd99c18fa4b8c18bdfcd538a54acdfc7c6e,src/main/java,src/test/java
5ac3addcf03b27f2ffa9dcb4113f09c03fe573e4,src/main/java,src/test/java
522ba25bdde4aa5b7c830915d5b3f4e316cc4631,src/main/java,src/test/java
845bb9cf2c7cb360806d0abb816777300e2fb33a,src/main/java,src/test/java
d51ed2ff6318c7663a169aa184e8d73b2dac0eda,src/main/java,src/test/java
2446825ad0f1e800807cf249fc9baa03209d149d,src/main/java,src/test/java
132ed8256c796de1f2e277677e9363ad4dc9e754,src/main/java,src/test/java
aa10c227dff861b836224ea40626bc8abb5ddcdf,src/main/java,src/test/java
36b8c3636f353460dd73582cb3fd1cd62b760761,src/main/java,src/test/java
47ba61fdad470bfa59db59829982b65e7756fecb,src/main/java,src/test/java
87123f2415e8c34170e7090ef0909bc0544897c7,src/main/java,src/test/java
cbac4f04c928d217c28efb5469a438d2e1dccecc,src/main/java,src/test/java
75de7c753846b93690d237243488c55c35e90d32,src/main/java,src/test/java
7708aa6bfff7cc3f288beeccbe98856b1d4ea93b,src/main/java,src/test/java
2e5a70bed9eda8a53025004115d6e7826f9faa36,src/main/java,src/test/java
52159f63f8afc0fd50cd0747d4c152954d78b430,src/main/java,src/test/java
beae963e7a00c544dc8ca6a6e4b346e075eac27c,src/main/java,src/test/java
010fc49e429e78d0e95b66a0afa8f742c79f74b3,src/main/java,src/test/java
783eb0758fe5ae3fc9804438cb641bab9b4efc84,src/main/java,src/test/java
ad12862289459e2dfae642f03fe15d8cbff49466,src/main/java,src/test/java
0d38dba9da065bac39916ae12511a8ab82d3e905,src/main/java,src/test/java
1d7ffd0e3d2b3bc12ba5c0a21a7883f987ef5106,src/main/java,src/test/java
e3289b0add1b9606e50f05ff6010f5dc8f72af69,src/main/java,src/test/java
c52d2649d64cc88786be55cf761fdd303bdca2d6,src/main/java,src/test/java
09df7083f0015669dc32947c2eb617791c6720c6,src/main/java,src/test/java
bab12701458bb30f89b2ea1bc9caa98406d0eabe,src/main/java,src/test/java
ed8ddcbfa19cc17124e03b61ef10a84320041ca8,src/main/java,src/test/java
7a18d92b018050324417f56fe3481a6797539df1,src/main/java,src/test/java
0d08d242732a635a47d7a8d2d712cefa778e0840,src/main/java,src/test/java
c13e8fdd76cd1b0966f210f71305cf85c0cd94d9,src/main/java,src/test/java
05143f49d61a81b27a25e413a882700471976a19,src/main/java,src/test/java
dcf9e070eac6cce7bd651c22059ecd8738f692d5,src/main/java,src/test/java
1f7e0e143b8581c91d3be43ba0a777478deec040,src/main/java,src/test/java
628441000d989c33c1c26ccc5a2f5e69b082012a,src/main/java,src/test/java
1de184f8f2a8c7a8a0e404f6c1ea9a212a0ccd33,src/main/java,src/test/java
354974a5febc48aa7c17b8bbe3e892c253cbabfa,src/main/java,src/test/java
607224a92e443f712ca86b4b38e2fe9f92e405dc,src/main/java,src/test/java
2aea5a8699a985008af7519c7d90c0295c08d1f1,src/main/java,src/test/java
ad0e9890483212d89a9652be39271c1053e23c5b,src/main/java,src/test/java
55db28c346c23b982b39caa09fcb7a383dab5f01,src/main/java,src/test/java
ed0e19e8cdc66fc6205e628c16d6d5aa94c60b40,src/main/java,src/test/java
74e0644b75a29be902f4145aac4483c9098e9465,src/main/java,src/test/java
12a8bdf6c73b45373eef129cd6bc5938e4ef4a51,src/main/java,src/test/java
20fcff7f390a336b33b601108ed05453efb73360,src/main/java,src/test/java
dd145528718ecada73b95f3e5c25488067a597ce,src/main/java,src/test/java
5ab245c95ac867f3f7c0d6c45b8ad58f8dc378b9,src/main/java,src/test/java
6555210592d9d3fcbdd713639d2487130c7acd50,src/main/java,src/test/java
b9f010fc8a437320a895006b343d884063fb8304,src/main/java,src/test/java
1088cd9be6ecdcb37bee357a783f01f01bdc366a,src/main/java,src/test/java
eeb7e11b40c36946e723e73ee4baec27d45ecb97,src/main/java,src/test/java
d339ba38fb0271035e6ccbbd9db785b1ce12ac1f,src/main/java,src/test/java
954f1a5ac4e50096848f949610699bb69ecf5d68,src/main/java,src/test/java
5c4caceaa7e5a675687a994576a167da1f10b713,src/main/java,src/test/java
7ab458ccfda971e19b67b673e78154d7695db982,src/main/java,src/test/java
7f8edee7c573f64a85d4a708be85717cd03b3a69,src/main/java,src/test/java
ae3862127e53a86608625275e42f183cd25c56cf,src/main/java,src/test/java
3e08b63abba9f3db7891cc803dbabc24e2fb1ed4,src/main/java,src/test/java
97f0d4adc33c31cd641692512f5b60961d7b177b,src/main/java,src/test/java
278d7ed40f7642f79e1a036340d755de1cb7c87b,src/main/java,src/test/java
28272421ccce5b8964b9e70b7ad9590f30604483,src/main/java,src/test/java
c660d1c4bd61f414eed0234aad086d9727a532bb,src/main/java,src/test/java
736a7e10b476b94cf16acf2e22ced0b2ee1399e3,src/main/java,src/test/java
b6f993638f477b9556877687fd3ae884ea80d160,src/main/java,src/test/java
99a985a9475c81d9d6205cf8b38219f4f2070c5b,src/main/java,src/test/java
6fa0acd6084d26f2994cd074053bbd66b02dbeca,src/main/java,src/test/java
5775a2494c3b3aac6dba04bc2a72842268ad1cb8,src/main/java,src/test/java
80d4506db3d78e053f798b0d1f61ae3903d9a67e,src/main/java,src/test/java
0b068000a47337e576d1a86057a4e40828b9cc5d,src/main/java,src/test/java
5e54a70586e6b59c280d505e728b8fb4cd1f0d7b,src/main/java,src/test/java
ed03483e3c1b5576a3075d3d98c7c502e6bf7939,src/main/java,src/test/java
fd16acc8c0a38839125101df11f4d4415b362b9d,src/main/java,src/test/java
6a8db6428a66b0598683b9407a59775b77401b96,src/main/java,src/test/java
acd5ec473d803a2ce3c4014d44a5dfef98457c71,src/main/java,src/test/java
6673cbd7248b5284c9c790acc33544218f610495,src/main/java,src/test/java
878c1207f0ca20878f21a04be771a85cf0d419ed,src/main/java,src/test/java
aad8583e1245e75b59267d4f03b4233aa8951f03,src/main/java,src/test/java
52468f9935c9e30e0a43251004f4ba2346aa1edc,src/main/java,src/test/java
81cf9aa140e6ea62f8207ed7eb9b25443edd1e56,src/main/java,src/test/java
afe9d70dd207e2d673f9f77a3280b9c1d87e1837,src/main/java,src/test/java
1e2d7b84b0795de359b061d649dd3cb761333721,src/main/java,src/test/java
e7995ef548219028cf84670ce95145b9fb3031c7,src/main/java,src/test/java
4cc4d8f510e86ba30b86ccca6cfebdf4015caf32,src/main/java,src/test/java
134d74506ced7b16191b6c4bef00e2464feef691,src/main/java,src/test/java
ba44f730a61f3dce383b78d91dfba51152dbeda2,src/main/java,src/test/java
6de1912eaa1129f4e1039dc787727250c9035704,src/main/java,src/test/java
5bbdb23a27ac74b481d68e9cf158b9e8db39c10a,src/main/java,src/test/java
7150e733f04c91f53b4d4a8698f9897add410340,src/main/java,src/test/java
bd4bd438c1bd1d705369b9b7f9fadb163b66ff6a,src/main/java,src/test/java
e6cc83f1a54643c7b019066f583f2e343bb35f1a,src/main/java,src/test/java
dcde1b72aeadeb4fbf3d4f2bcc102347ff5181e2,src/main/java,src/test/java
aa723273044e1501be13bffb2d3377ac70c950f7,src/main/java,src/test/java
b1ae14773bddeeaea2cdb3a7154ac49e81d43110,src/main/java,src/test/java
bcc0f245f60e3d84deb24de41f3a3e88a6a3fdb8,src/main/java,src/test/java
7cc34759983f0b5af981415ea76f5ba0ad2e503a,src/main/java,src/test/java
e364b0ab5207befc8e5f674ae232cb302981fe9e,src/main/java,src/test/java
1bddbbaef087ab08cb7977cfcca3ba4041e4ea8e,src/main/java,src/test/java
110171722197aeaf74c0d99a7530ca8bb1872072,src/main/java,src/test/java
20733aa74c4a714757faf7d1eba2a48d19211aaf,src/main/java,src/test/java
10d9428fcf86af552208cfaf39dea2c2dfcb4f80,src/main/java,src/test/java
322612647e8c2eb8e157a0251279feed5b01e0a1,src/main/java,src/test/java
70ade8ccb9ffd7121df188d8abd9f0250473472a,src/main/java,src/test/java
325d772d9be02bc51dbf1bb5efda37541ad47bd6,src/main/java,src/test/java
9b16261f6ba43fdfaf0706462e75aeac5a524b71,src/main/java,src/test/java
54d888f91ffe1e7a3a6754059807078e673f0635,src/main/java,src/test/java
d4a38a4f858d304a0f30a85a181b4d6f1a8ed46a,src/main/java,src/test/java
cce31cbb19f430aa5a2b7153331af0d55c670ddd,src/main/java,src/test/java
c121f698b19d3849deaa1d93340328b109be14c7,src/main/java,src/test/java
46fc7f627c75e016688727551f211c432af5a0d3,src/main/java,src/test/java
14dff29a3f02a03490e2648645f3dbf8d055ba5c,src/main/java,src/test/java
52ce57852d5df24076cf22a78a73f0b8ab052cab,src/main/java,src/test/java
1dd491d4c3805641b6fe8f16a88ac54376b89443,src/main/java,src/test/java
2df43e1f6186f14d462b275f1b94603ac2625932,src/main/java,src/test/java
e8d4f4bc7bc584a532b8877e3bb200ff7b37a8f7,src/main/java,src/test/java
aaa2c5433ada952ba0c703b91533a5bd73ce6010,src/main/java,src/test/java
ca288fcf5c2865bcfe66ca3147135f25546ed092,src/main/java,src/test/java
5538770599a979212b56e2dcb77308a60ff656a4,src/main/java,src/test/java
01425e549afb53aec143fd0963cb66f383adc04d,src/main/java,src/test/java
e288984a38935a92283e73d38d647156c3845624,src/main/java,src/test/java
68b2f09145d73fd705924b74bae27a2fa2659730,src/main/java,src/test/java
3fc0935b3908f8352aca4d3dbd488187a52da161,src/main/java,src/test/java
0971b2b3992cc079d1d0affac5c1f6dafe7aa7b6,src/main/java,src/test/java
0ab7731b90f005d45e0aa743e0ebc1c34ec22916,src/main/java,src/test/java
4c7b2dc8c8cc219332901911c64691282412eda3,src/main/java,src/test/java
03c28ef72037f9ef5bab08041fafeee88883c674,src/main/java,src/test/java
d88691e7e82baac7c9f7c98c112d9527fcbf242d,src/main/java,src/test/java
487358745b317278670998afb098adb3a57dd17c,src/main/java,src/test/java
61af1fc03a651a83ea56dcf13eb518d89992cc91,src/main/java,src/test/java
9d1b4f31721534dc02b4f6531537d08e6b2f5283,src/main/java,src/test/java
2d0995de720febd961d0e698776e279dff616b2a,src/main/java,src/test/java
7dc8def58e0cf366792379cc4eaeb74a0a1c02fe,src/main/java,src/test/java
445ab1030585fb05a19e9fce8d601f7876529cb7,src/main/java,src/test/java
7c6dab9608f22a981ee6b64416137351e86013e0,src/main/java,src/test/java
b497c8278f6ac7e756e5462eab06cf4cdf2d0e79,src/main/java,src/test/java
