f65491d3465fba02f4fafbdc4378e964a2b999ac,src/main/java,src/test/java
c838d81b84ce78729e9d126168714711fda6a51c,src/main/java,src/test/java
f07f93b12872fc932068706cca7236cef0177284,src/main/java,src/test/java
46335fe483d8d2355ccfd2b4a4e0e667f881be20,src/main/java,src/test/java
5256f503d8fea9e11639a586fa9bc0f86db8f7d9,src/main/java,src/test/java
6cedbfbc0d5b3b625c680a82e1f4fd8ef7b6e6bc,src/main/java,src/test/java
a2525138e4b8dc6344e4d01309cab88f68e807ac,src/main/java,src/test/java
e22cb95f74344802283fc7d6b5dc32c12204ad57,src/main/java,src/test/java
da4efb41dcce3aa5dc072d6eb9a5788d2e7d0838,src/main/java,src/test/java
07f5d3140b261cfd227963bd4510c92f71fa4763,src/main/java,src/test/java
db1c257462b68e6d5dabe1f4d1bda652bb3a2e36,src/main/java,src/test/java
554938f31d2e3ac5e67355a7258bd4ee9d4dc209,src/main/java,src/test/java
c72016053d1aed9fd74b61c4800d1f62b4970507,src/main/java,src/test/java
4d544bba5abba239269493ba6869a2acc6bff380,src/main/java,src/test/java
e7bbc0ed7fe4332c7cb735a871743ebc53f3a7c1,src/main/java,src/test/java
1007df8a71bdd6e5e7120d95491ba4800780e8c1,src/main/java,src/test/java
cf45b07dfebd2c0608f2a215597a70b69a390e23,src/main/java,src/test/java
6f596a81fad30b889cfa3fb8f6a49fd53a88e5e4,src/main/java,src/test/java
2154a71401e99c4f51a6ab479d7e8d5c673c4dcb,src/main/java,src/test/java
8dd628aaea8f9ed11eb43f434dda2ef8b458609a,src/main/java,src/test/java
7dc561150e863a851bc129e66afa13e97aa9c1e9,src/main/java,src/test/java
ea9efabeab760c20c7edddcfa7bdf25f8dbe7ec0,src/main/java,src/test/java
82e8dfc26ca44ede07261a6f28b5487c80339f2b,src/main/java,src/test/java
815d63fbaafd14c43ddf3533956276c51db21fc7,src/main/java,src/test/java
8e08cbc9fd1d8aa6be536e2e7690bcd25d56420a,src/main/java,src/test/java
b80a481591b0af95005b09c502673c19aad993eb,src/main/java,src/test/java
fe6e6fec45ee67fabd493555af2d808ae5b86fe7,src/main/java,src/test/java
9130db7560b2a71cde6a49c00c6b21e20034a97f,src/main/java,src/test/java
813788f40c86638f5e852ddb7b3fcb6848863603,src/main/java,src/test/java
cee2c2195ea3346bb5458ff9b2eb4ec4b1ebcafc,src/main/java,src/test/java
f2490083fbcdbe54bed0e1483da816ff1bf96133,src/main/java,src/test/java
98f561999c3af5254726caa9a95f797f4959bf9e,src/main/java,src/test/java
b55677e3b95c02b788310a416e81827a507bbb84,src/main/java,src/test/java
b6d1fdc957066bd76f9f61a2469411a8756f24cd,src/main/java,src/test/java
449e2e196f48d1e4864ec689b77acda9df0d53dd,src/main/java,src/test/java
24dd2be60deeab4abf4fbea0021b220d7d354d4a,src/main/java,src/test/java
5c8373aa4ac7ec7ce4c4e96fe080c433d01ab693,src/main/java,src/test/java
0bf78791e4bb59ee52b3c11706262bdab576e973,src/main/java,src/test/java
f2a9aa10fa0497a9129f3dede893945d7ba909d4,src/main/java,src/test/java
1606411178f724db76b84da8d1e37583f67ef6dd,src/main/java,src/test/java
e3ebbdd888b4711804415b1665ddf9c0685c3c22,src/main/java,src/test/java
7a6abb9966da1288c3c926d77aceb53ec5de509a,src/main/java,src/test/java
246a35b84fc04405b029afb3ead2843be5aaa468,src/main/java,src/test/java
2e730c6258922b9369d448490b2cea4482b25c44,src/main/java,src/test/java
189aa8c5fb00331da91b430a137b0ff7f17715eb,src/main/java,src/test/java
f0ff3b98fb8fad6f7fbc4c624f965bd81e22368f,src/main/java,src/test/java
7910da56e994a652c5ddd6659eb4cfb3d01aee06,src/main/java,src/test/java
c89d160f6fb17a37e564c471eae50ee84f81776f,src/main/java,src/test/java
2080eb0631d415fcf56a719e651de42a4ee3f7c7,src/main/java,src/test/java
a6af36abcdb849f23f800cfa0801a41fffe113f5,src/main/java,src/test/java
225b8df7f9eafe01028d1aa82e33f19e1b97004a,src/main/java,src/test/java
785adc0e2b2f1d0784b3f552c96c0f3fade2536e,src/main/java,src/test/java
14094fb5b0d4dcb3fa74347b9b139e604f263155,src/main/java,src/test/java
ed711f1f47a5ef688767c56f013c4d9ed8fff3bf,src/main/java,src/test/java
d9e61bc4858c4d39368ae6911037d74c1ee1f855,src/main/java,src/test/java
eeaa5c182313009e5d38de66e6dc9ae7ef464ae5,src/main/java,src/test/java
731942d450a791a557e0a012749905a3aabc2962,src/main/java,src/test/java
c8ee930894367b43c0664d33035ae6137f846ce7,src/main/java,src/test/java
f654b03707657ded963479dc9c8c697458de6e70,src/main/java,src/test/java
a536e71e6f0993cbf79753897d1ad7b58edfb17e,src/main/java,src/test/java
e25659a3e40a4d3c3f5f8c3ca76f5139d7d1b0b8,src/main/java,src/test/java
9d6bc49ab97b71cc3e7a48d6ffc92a302e70d200,src/main/java,src/test/java
9a2471f60271bf7d161acc694343505926df7918,src/main/java,src/test/java
0234817117b2d5145f004e92fa23b184330f395f,src/main/java,src/test/java
684169eadc497cb0fad89322f4eb8c42a9dc8580,src/main/java,src/test/java
6e717f0dc9ea6bd85199a1b2b559938233ba591d,src/main/java,src/test/java
8cb3bd4f7549f2ba1c790382ccd1f6b188d9a895,src/main/java,src/test/java
37c411f333c6cbf1ef6c65de7825b2d14bbf5b79,core/query,core/query
d2a301dabcf9c051b019e3434327c15c29fc321e,src/main/java,src/test/java
e4ee4b0ed82bb1e91b74ba098643a85844b3dc53,src/main/java,src/test/java
8d7a23adee4d42f45fd484e5d924eec1c8946962,src/main/java,src/test/java
f9003ae41b660767cf2faa9722f7fbd7a863a40e,src/main/java,src/test/java
088e2e9ee12fc93d96be032f40055e5c431f03c0,src/main/java,src/test/java
137aeba9e7ffaa1efc75d93b7dffd6f321985441,src/main/java,src/test/java
9f4c1b6439dbf95695e70ae0c9d85062ac56f06e,src/main/java,src/test/java
887087941e97d310979f6665f7525201abfd69bc,src/main/java,src/test/java
c045108e1f8f83a97f387a7312d961dd42551c49,src/main/java,src/test/java
8318f751045dccd3624f0b7f98e6c14013ba9a3e,src/main/java,src/test/java
71a118cf0317f4949c378858e17521711ceeefe0,src/main/java,src/test/java
46b83ed38d0a66fa298c3ea245b255f25b0eebaf,src/main/java,src/test/java
c2136a9dba0fb23bd561a840d709f607d86f8e30,src/main/java,src/test/java
a7e9cd0d25bf30de8e8e64575c05455596ad6efd,src/main/java,src/test/java
7fdb848cd6afbe55cd3c5c40cf0ba240367b47a0,src/main/java,src/test/java
6be8f101d811023d6980f10bea5f81fc34b40ae5,src/main/java,src/test/java
e61060c5b23c60dcbd42edca714fe9c490d1b9ab,src/main/java,src/test/java
166577857464e31285c518c1ff47488060ca54b7,src/main/java,src/test/java
fda12187425fd8c9b125e9d79093f2d78b2e4eaa,src/main/java,src/test/java
d9a25e615cf0556be9a0f2a961ce245bd60bc00c,src/main/java,src/test/java
93dae9d597730ad00069edf517077c7875794c5e,src/main/java,src/test/java
676bad3827df297c9a853a2cd4ea0fa760e55fc6,src/main/java,src/test/java
425ecc604447c26e7a0781b87374182854d6fa87,src/main/java,src/test/java
b8632381c8add3589dfbea5a5524bec89c92987d,src/main/java,src/test/java
7f26b87b1d1bbdb87f69256b4a46bd6a0cac148d,src/main/java,src/test/java
58ee862a7de5416b0f6dab6be06f5094dd05d741,src/main/java,src/test/java
6d3553d002b04d6faf101117ce44d55bf7e33145,src/main/java,src/test/java
4ee1ddd2b6ee79b344edb3cbc02e1225868487ca,src/main/java,src/test/java
32c4d90dd8c4119b7c5135411dc263f5ae8847e7,src/main/java,src/test/java
013c48ac598561da75ad4a5c3d9217352a815244,src/main/java,src/test/java
422b3b616aba00d540182fd401b14376533b5576,src/main/java,src/test/java
f17a5bb94b79ce5d82c481286089397e778bb5a5,src/main/java,src/test/java
4c094cd35d7b0da5911ff46bb6b38ea0185c85b8,src/main/java,src/test/java
8df7144a248e788df583984f47187ab2161b9937,src/main/java,src/test/java
9c4ece7e7d4abf2a8c995cef0656768c7c86d604,src/main/java,src/test/java
39305f6303929b5bfe9c0ce8b121dd08f3f5fbae,src/main/java,src/test/java
d406b1f43a87584cd207b8f0dbf9bcf0382065e6,src/main/java,src/test/java
0ead5cdb3c53eebfece9431b79226e02362115a6,src/main/java,src/test/java
556c8f3bab916aa5d9951fc6a722d6d1f1a815f5,src/main/java,src/test/java
d39b97a13c964ac6c12f7ab2208466b438fd571a,src/main/java,src/test/java
705a98faf14504d59004e54f715ca8aaea479fb8,src/main/java,src/test/java
665f63a3778b4fe4627f2476372305f1f3f8d30b,src/main/java,src/test/java
64ceb0ab044283a108511d74d77ce099c0fd9936,src/main/java,src/test/java
df4e639abc6ab571ab007e8180510da08f2c272f,src/main/java,src/test/java
055f26d3e4895010a1b7c20a2f0adc7489c1df99,src/main/java,src/test/java
b5331be3664292df52453a200b27cc29fc72faa8,src/main/java,src/test/java
2e06aa3dec289d6b580e40371c2e97072e9027b6,src/main/java,src/test/java
27c8ad8eccf97e01245eeba533875eeb806726cb,src/main/java,src/test/java
50b77c1030d6d77e104249513b8f7c130aab20f3,src/main/java,src/test/java
5b7bd1ea057a59ce220c45018162ddeb19f65434,src/main/java,src/test/java
1db355f1dc9043ea74508e7171c3568d918ee024,src/main/java,src/test/java
c2d9b5d0b5f2574312eef1b143ad2b96bc8eefc6,src/main/java,src/test/java
55b5b5448f5ce1c818a02d00b928cc0a5464b436,src/main/java,src/test/java
1d17aa66c5b2bd87f36d716664d20f9f557e5dba,src/main/java,src/test/java
816543334d4c03a212ca662f33d838931e49aefc,src/main/java,src/test/java
d460c7e29a62eadc5f132b708a68ee48ff8f1bf8,src/main/java,src/test/java
38ec1080a9b89983961b804aa617df4df777f700,src/main/java,src/test/java
032da3107ffb10ba8cdc1674170e1c09872c307b,src/main/java,src/test/java
13c5dd9c74b68322fd1a1b3b727602265d4bfe86,src/main/java,src/test/java
5ea6471f9a9b3e19b5a67115899696b67176300a,src/main/java,src/test/java
c94b6bab07aea513861bf63dacaac345d27e3805,src/main/java,src/test/java
a541037f05bda3f75062e8582c0b62c0c0377a14,src/main/java,src/test/java
c4967740a488756853457f3a9993310e69a5227d,src/main/java,src/test/java
e4d22340b526bc0f4071e93418ccc7b5979b0fcf,src/main/java,src/test/java
af41be7c8dc9405f140bd014d9435c476754ae30,src/main/java,src/test/java
f94fa3310935a881f12cc867ec7bf64fa54bc836,src/main/java,src/test/java
2ae20028f39bd449ad98558b4936bced8157aba8,src/main/java,src/test/java
e89547ed3998d3921bee500d0212078a8670389e,src/main/java,src/test/java
60fca6044552424dc9f6314c61466bcbabfa8895,src/main/java,src/test/java
9d8cb67fe3d0969ae38a09529e0004efbfb48cb9,src/main/java,src/test/java
a33122a8b8d7da5fe77198bb0535fca8b23b66a9,src/main/java,src/test/java
640bd280289d45d52181b225b29799fc87bc50f5,src/main/java,src/test/java
bb42955c0564492de043a75ad50cfe4c022faa2b,src/main/java,src/test/java
5bc7ed512cb24d7efb19cac835afb6dd086c38dc,src/main/java,src/test/java
6ac2054b4f9bcbb94dc9250eebca3d76d76b20e5,src/main/java,src/test/java
acb98ba833e3e38ddec99f486392f0d5303b7e0e,src/main/java,src/test/java
7480f8b9d51ad8ad70942834faacb83f5aea8423,src/main/java,src/test/java
fe61c6b9dc481e55c728dd5f1951bf701a5701b7,src/main/java,src/test/java
b5e3947b8cb57f63eec1b868b1f78b26a72461c1,src/main/java,src/test/java
a0d98f937f359ee42799a9316fbc8a137cf634ed,src/main/java,src/test/java
6e25a73347528da1801e22319ed198f9c62bb83b,src/main/java,src/test/java
5e41eb4cd19382d16ad19ac384a250660569dd09,src/main/java,src/test/java
4e4e21f74e0fd815ed543f4316ee1307b46a7f87,src/main/java,src/test/java
4514de98c0abb933de96f3ddeae756b0c2b35b04,src/main/java,src/test/java
e6d030e73a858a54601bd98c598853934fc2ac78,src/main/java,src/test/java
0c85853ba607661f97e9709819de2eebad3d6cf9,src/main/java,src/test/java
5730f9b9b076b99b3402295aa8adbb2f3c28df4f,src/main/java,src/test/java
14d218ede0dc696429f07738f2ebb7486b6b18ae,src/main/java,src/test/java
c0afaa793d07561567bae4f349200be94fa949d0,src/main/java,src/test/java
e0ecb7c5a2004b2ddfbc58a9cf7f21087d1c741b,src/main/java,src/test/java
fe69273548e71bb64cffc3d8ea5ba3279bff8ff3,src/main/java,src/test/java
662f697c2578daf86182e5c2c71ad41f30104353,src/main/java,src/test/java
79356b8b6b2d0bd5763009e85768e564fe644b54,src/main/java,src/test/java
17d329a50c6034494005fddd1f8e19a702f22d82,src/main/java,src/test/java
ca12ab6bd7706894e2539c64731edd0fa121614f,src/main/java,src/test/java
6b179edfa44ccba5a163221aa75e94d499336586,src/main/java,src/test/java
9d335d7954b8befa455d88d533118ffabe7a0c72,src/main/java,src/test/java
73c93d72f7408f2884d2a51900d18105326d9cca,src/main/java,src/test/java
4b44d5f2e05941aabb5f5bc7986b3694857300b2,src/main/java,src/test/java
7b12d8b69fbf313b58fa461206670dc9ce160e61,src/main/java,src/test/java
b8a1fe52a6f0b879cd2b321e061734c6e15bb8e1,src/main/java,src/test/java
bb847f088c59a51cf789fe725b705de8de2ad9f4,src/main/java,src/test/java
ad80d4ef8e5064e10b95d17dcd9bcbdda379b143,src/main/java,src/test/java
11a07ef8cf4c712688df2a4d7d920200d2e78764,src/main/java,src/test/java
3eb6cc325ffa616fd94ac5344e220550c73d6e86,src/main/java,src/test/java
bb3f5b389bf861830dbf5fb8a2d3bd025c596817,src/main/java,src/test/java
fbfb00d3233b2f407c837dbbeb9fa66776cb0f75,src/main/java,src/test/java
7e944b4b41539983f48d3e9bcbfd7e966d641636,src/main/java,src/test/java
1bc07d81e8da0ebfa1033a5be62f569a45774e72,src/main/java,src/test/java
f711ff25917d2c61ff2f84d6c5d547412ae7700d,src/main/java,src/test/java
9a9cd2c6339fa4321f566ccb26e4c6f6c5189979,src/main/java,src/test/java
