a824a83679820b6e958706ce000399308dced6a4,src/main/java,src/test/java
f9ad899efcd35ddcaa38fbf7c4978f7b6cbe3904,src/main/java,src/test/java
d3c419806b80c825a668857fd3e574e679c6580c,src/main/java,src/test/java
a91c2591a9d65e5d84cf846ec546247c961f50f9,src/main/java,src/test/java
7fc8d59a999343ad900b91135cd2e6adf1dcfea2,src/main/java,src/test/java
155ec35e351a4b6d8a0aa428082866a292a30a22,src/main/java,src/test/java
82b282d1fa51468d1fbe493bb92291bf0b8f8897,src/main/java,src/test/java
a99037f4a8dcf5221c1f0a7ed02760434c55361d,src/main/java,src/test/java
d533883fe8c47e6036eba7a4d2c9ab12251ae777,src/main/java,src/test/java
996937601a1cfe9429a45ca025c1838cad3c3dd0,src/main/java,src/test/java
bd07ca1654bf3860904f7a027444b385de1370e3,src/main/java,src/test/java
3492fa85177d1b613ddcb3990ff6b7da7b03a8d4,src/main/java,src/test/java
10f9dcba786491e35d4d9f19de10d67a62264daf,src/main/java,src/test/java
c4ab92f3357676a959bc47bbf101aca0ba6a6b5f,src/main/java,src/test/java
f798cedc2aa2d6f23a4b22f6475d5503946d1a23,src/main/java,src/test/java
01fe76a596bb204d72de54c73772d675156a7b07,src/main/java,src/test/java
e2e81da6dcbedaa52898a1feb4d894efd9e0f801,src/main/java,src/test/java
01b883505389ba693b430da6ccbbc77fb380c462,src/main/java,src/test/java
a831f1910726bede62d593ed2cecfe0cea9024e2,src/main/java,src/test/java
b714f0eaaf8330390dcdec0da27b121c98813840,src/main/java,src/test/java
2bba4e64adb99eedcc0bfe6c09acd8310b4cc308,src/main/java,src/test/java
87683e346e732204c769c50166d812eaf62b5ed1,src/main/java,src/test/java
2ddb1e679c36d2525553366861ec6c1a915a31c7,src/main/java,src/test/java
d2080f65371aeb889d9bc8c6218cc2404a95a6ff,src/main/java,src/test/java
887722d3868dfef2dbff418dd6043d5d57565c1d,src/main/java,src/test/java
