38b410e3116919d31fbb9bab2ba4cc7c21cc9fee,src/main/java,src/test/java
cee79f6384940ca226cd0c2ef02e024f19e7550a,src/main/java,src/test/java
de5ee0382085e91e5644d881182309bc6858e9ed,src/main/java,src/test/java
0d5027d00d72292ce8acd45441d02b7d5e6e8ecb,src/main/java,src/test/java
be6d4bc096d9bae363cbcf1a3dc5ec67b057507d,src/main/java,src/test/java
268f3ac97b081294fcdc22f7258890f219285fca,src/main/java,src/test/java
4c2732c991a4cc76011acedbf9c17726c06bc145,src/main/java,src/test/java
8652329273978266490806028a4c274af33d213e,src/main/java,src/test/java
9f040cf8b33600233be2bd2b9795406816c687e4,src/main/java,src/test/java
6ff6d7e313ec7a68ca8ce52a22896b932e2e293e,src/main/java,src/test/java
d7fa154210f9c8540cb2ccec00b65609ab0ed86b,src/main/java,src/test/java
6ede8fef7c6913200fc0b36ac6621fc83a3c7353,src/main/java,src/test/java
0e2090711df41d920f61ba0647cfe453e8c40eb8,src/main/java,src/test/java
c56db3a442b0d42cad51f221c7062d1ee979aa50,src/main/java,src/test/java
e1f64bf59ef2353207bc548ad45660419ceb1ef5,src/main/java,src/test/java
6ce26bfaefecc13db77da82750e786de4e0d1391,src/main/java,src/test/java
a0d42b69486c3f2ea418b4622918d51234dc4d66,src/main/java,src/test/java
b2d600adba6301490d2cc831e81f5776eaacea34,src/main/java,src/test/java
d8adaf3b942f10c2b2bf981977ce6c87ea9472ab,src/main/java,src/test/java
569185b0f51c8253d9d97f33b48cba7bb0627c1f,src/main/java,src/test/java
8883ce5dcabc40bfdfcad75d6ffc97da74322b85,src/main/java,src/test/java
3961176fc470c07a280bdda86f43a5b230a90915,src/main/java,src/test/java
2a8a92001c63a51b90015c0ae3b104a80fce2d68,src/main/java,src/test/java
13fa8377b343fb41ce648bd73bdc84406a7b7064,src/main/java,src/test/java
28d348e6b481bab4ba4be84974811e9250bc0891,src/main/java,src/test/java
43a9f608d97a384090ed486f3e9e19ba66e25876,src/main/java,src/test/java
c9859f72a9e6f527b31898f1da2cf8c9efbd31ed,src/main/java,src/test/java
055e419a8a205c0bac8a2c378c6647ce815115d0,src/main/java,src/test/java
15b9cc79d9846c0376a36942ca075464282dd3f3,src/main/java,src/test/java
f41e3ee0282c25c81e4ec9246933cda4b6ed5702,src/main/java,src/test/java
e94f22723ada8e00edfd98606a5cac4a19446dee,src/main/java,src/test/java
2e7086a004720624ba335a9b94b99629ec116456,src/main/java,src/test/java
f40fb93f5ed75610ca6051c7c1001db5fd93537d,src/main/java,src/test/java
9377f37499f025af37f9d2fad693146765d2d0b5,src/main/java,src/test/java
7fab1deae6174fdddc2cfda15c30c63c99ed93ee,src/main/java,src/test/java
249f7482cdeff968b70db028eb18729d892ff2f5,src/main/java,src/test/java
141881ceeb1c0765f166b7691e473839e196288f,src/main/java,src/test/java
cd0fc63e1319694e743c525c6f6091a9df5c18f6,src/main/java,src/test/java
5cc880c7bb0098055830c0473d261bef50f42cd6,src/main/java,src/test/java
592884940cc4e86e32f7da3f157193c79676022a,src/main/java,src/test/java
84374adc7e17c018bf8309b527e3f2f572901ebf,src/main/java,src/test/java
0361dd8f2abf25710743a163f30aa5252e6fbb75,src/main/java,src/test/java
34adfbb867be77867fd48a1abc9ab2ff53a41867,src/main/java,src/test/java
d078f78a357f1e6b9fdc9ae4eb02a8380f94413d,src/main/java,src/test/java
c5d3b1b327e9da04aa73a4f65377269c85fdaeb9,src/main/java,src/test/java
7422db47587c20c96a600e5e1c06afd37679749d,src/main/java,src/test/java
b00bde76cb269327f62232f2cd5ba618ad39fb12,src/main/java,src/test/java
d489dcfc34454c4a487ce13a3c91140d712fdba1,src/main/java,src/test/java
d523db65804a5742ce50824e6fcfb8a04d184c0d,src/main/java,src/test/java
2266cccf9290601662944bdfa17ef5a2e96e9371,src/main/java,src/test/java
0cceb1f220632e7722930315c03ca8c44c381e68,src/main/java,src/test/java
0daf2ba188416f69198e23621d05f3dd3acd2882,src/main/java,src/test/java
2ce8ebe60e086f56cfe9148db5c42dfee0499c3c,src/main/java,src/test/java
052f71cc7377b21e204aaa42cbafb4a25d1be1b5,src/main/java,src/test/java
0f4ed692f624dc06400b3fc6149cf42eeb823d7e,src/main/java,src/test/java
45a443166d2a1ffdfc6e5d14b386fd20f4e72365,src/main/java,src/test/java
d54c48add6b3f8ccb6b017ec1f9300e991d0c5fb,src/main/java,src/test/java
9f6e76d0b813f3fae52067cbf546a37a8635b5c5,src/main/java,src/test/java
4fe8eae91cde0d0743681a0d38bce5faad64008f,src/main/java,src/test/java
751c8c3afcab0d033561fffe323be82ed1f37924,src/main/java,src/test/java
3a45508b92f4863a9b53a329d8522b9900e397f0,src/main/java,src/test/java
4c215c7aaf97785a45bb9641690cc088ea6a0f17,src/main/java,src/test/java
94b395685e8685dc077baed64f3b9109e6c2efff,src/main/java,src/test/java
30d4e73ea885338993e6ed440ae9b9ce8d5d725d,src/main/java,src/test/java
6d0b10a8445d3c26b0958ce816c64b577a1608d9,src/main/java,src/test/java
f53942ceaa74f4c3b272c4ac0ffb14db46ce8127,src/main/java,src/test/java
1c9b2fdaf032550a905e0f7e1ffdb567329fc166,src/main/java,src/test/java
3d5e13f13735e5e5520a7e30ba3c48c036f01406,src/main/java,src/test/java
17b6aba9c7f85d710eb97a006b9a42fbe0510cbc,src/main/java,src/test/java
b9056657a101b33c96195655079b1eb03ebb3c95,src/main/java,src/test/java
4a88ee1f0e018c3732f6d33fe7e54ce461663948,src/main/java,src/test/java
2073351ca25bb715d910915b333648165d7c9ab6,src/main/java,src/test/java
83a3c989b6db373b055a9a671f300daea25e203e,src/main/java,src/test/java
774444312f8ea586939cb85c140c94251162e731,src/main/java,src/test/java
822bc6927cb9fdeffef88edba47ae18c20c07ef6,src/main/java,src/test/java
df3bc332083a2a1c8680e442f1906db8e6d7ee2b,src/main/java,src/test/java
685fa742f7042876d8a87544b1e08ce566837e65,src/main/java,src/test/java
2c7abeb155f6e832b3da407d4d537389778b3a02,src/main/java,src/test/java
dbd763fd479ccebf3988d23f3284fe1ec2f16d64,src/main/java,src/test/java
fac2f5fe1e84ed57db045d0467529b3627b91458,src/main/java,src/test/java
65c4dc67872437549a2a51e3cbe02b34f50e784c,src/main/java,src/test/java
42b61f43f1e4e0cb47a55249fb21378b62bde2c4,src/main/java,src/test/java
88bd5b9dc3f08b3c3b361e5167c219ad3e59c53f,src/main/java,src/test/java
f70aa172e0cfcf7272bda04e4da20e5fc5e96e82,src/main/java,src/test/java
9ca2d5be601ca5d40808270b668a9018ee78473f,src/main/java,src/test/java
a9eb9370108f1b764c27aebba853c5a5940ce938,src/main/java,src/test/java
91a397b0baf57d4a09f64233a4dd7df7f8019c2c,src/main/java,src/test/java
495e6f0a41c4e359c4e4f6786bea74f914d2c8b7,src/main/java,src/test/java
a1563eff7aafb3de32a00f76f82c2952765c6762,src/main/java,src/test/java
1cd62dedcc1fcf468a7c8a38f9c9ffbd0b28aa77,src/main/java,src/test/java
ea061bcb42eed1735def2e0dd530eda2d977faf3,src/main/java,src/test/java
c909f45a71672f072ddda4b63eeaf79bac7c7f95,src/main/java,src/test/java
a77d22dd8ce281ffc24b42b634abb972cb552c78,src/main/java,src/test/java
c0270cb30a582ab2b5cbc8442054ce0c2a766c15,src/main/java,src/test/java
59f56a5403dc8a34daa5f31aae50a407899fe910,src/main/java,src/test/java
e9d0b1b266f93a15029159b2da94c5d438d7408b,src/main/java,src/test/java
ad8a80d2b4acbb481949c4899b406cc1cc9ddec4,src/main/java,src/test/java
db6f05f7fc7512d37e835f785fc8995b16d4c63b,src/main/java,src/test/java
247719d7314232f680f028f4e1a19370ffb7b1bb,src/main/java,src/test/java
ebf3fb1339e91d1efa225055ddb456fcdbf7b791,src/main/java,src/test/java
7b30785bdfee141e7a2dce80749f756fb5ec2d06,src/main/java,src/test/java
fb7b146eff3a3e574f9524131e4d42c2a7de57b0,src/main/java,src/test/java
44074a4b9d4cb34f095bd6ab27b68cbd2fd4b455,src/main/java,src/test/java
70a7cf5e0da843e3ae803058756cc5d5611d6214,src/main/java,src/test/java
4c4bf99eb749e2db0f211710d3a625dc91588d14,src/main/java,src/test/java
d777f455bba95ae65f286729918b09780a0df231,src/main/java,src/test/java
82d73b380881ef8e7d6e6c963289c4f479bbea59,src/main/java,src/test/java
75bc7c157682cc64eccfa4722226a8ac72161f17,src/main/java,src/test/java
1ae62421aa6c3d9131e1673615b1c94c8e7011aa,src/main/java,src/test/java
fd9c015750c320a9a70b917cf22f993cf144e89e,src/main/java,src/test/java
b5b432bf05d5b902d66c19d5b693bb620c577390,src/main/java,src/test/java
0eeef27413db97b52242878301788ac5fd8def16,src/main/java,src/test/java
0d3b428ecbd5b3c240191a6d1907010aa549c189,src/main/java,src/test/java
73bcabd2bca2536bf4f3673443a8dcdaaf79a4eb,src/main/java,src/test/java
867e4d205f129e198668daf94d0eb000e04c0e8c,src/main/java,src/test/java
4d379149bcdd0c0097f366d9a01e6a9907410ac6,src/main/java,src/test/java
0af54dfa5fb114712efc1bdbcca32bb673bc53ef,src/main/java,src/test/java
