0e4d058b5a238868e99695a3f0dff2cdefd125d9,src/main/java,src/test/java
e9d7c295f2e594683f38f756acb37a19cbe9f7e0,src/main/java,src/test/java
7798d8a73c410dc5cfc1245e5d24da285eaa3266,src/main/java,src/test/java
8ac54bce003ed9ccc839c0d63e9462b07aaa2216,src/main/java,src/test/java
b906504ee4cd42f3d41961666e6a22d87a75731c,src/main/java,src/test/java
aac39f642856f8af329a807674d0cf1b9b63b6be,src/main/java,src/test/java
aabba0695c2c4cee6e7ea084e25d2a420ac18eca,src/main/java,src/test/java
4792c6846e222263a3540fcbf232fd65e9b597f1,src/main/java,src/test/java
0b687b83f0de434c62bdbc7307a59218bbe840f2,src/main/java,src/test/java
2bd2986b81a106a009804ea4ef9fcc56d842cb24,src/main/java,src/test/java
d34d4ba56980af8a735f830d2a911e766caee9e1,src/main/java,src/test/java
e0b868f2b31c913fff283e6d217bc689f07bd108,src/main/java,src/test/java
1adcc3377d3390779f5e754e785efed3a3faf56a,src/main/java,src/test/java
7575c9af3de915427a6647a117aa8c9c760a660c,src/main/java,src/test/java
1062c24816b2a6f86419c1954230bbcdff1aefeb,src/main/java,src/test/java
f1e85c0d0b51d931d331ef2f12dbfd43ec2abd9f,src/main/java,src/test/java
ca9232943643cc97d42f680211820fad305e7890,src/main/java,src/test/java
17bf62efba4fc6a8d895a5c4a236ec0a204c01b7,src/main/java,src/test/java
93d224ca5e0c575f98c816ac1f724aadde656aa7,src/main/java,src/test/java
00a9c54db6c2c335316bd4fe6525b7e1e2bad15f,src/main/java,src/test/java
b9b0209c824d0ef3cf1411c7452da869aa42015f,src/main/java,src/test/java
841490ce1cbb1489a54e3ea750399590bced4882,src/main/java,src/test/java
b54c2320773828df08e2bea86513e89ff9cfa00b,src/main/java,src/test/java
98d6c8219178848a42c5319892a13fdc4c52f32d,src/main/java,src/test/java
0b009677b39e8d63a6cbb5444d042cd4e07c83d0,src/main/java,src/test/java
86943c4409361f4ebbdbbf450322d7dad8f41fb1,src/main/java,src/test/java
50f3ee6bb5512ab4ddf90d4aa278c93b3c42d0c5,src/main/java,src/test/java
a6f235ade65eaa0b9a66b2987ddc7bdb59abc350,src/main/java,src/test/java
b4dbb628df2a52d3a95d2b5e0244a3e71e24151d,src/main/java,src/test/java
866aa4920703603195b60bab79ba7a074879238d,src/main/java,src/test/java
c234be92480c6c6e1abf76d66ff2db8c62ee41b1,src/main/java,src/test/java
62d06df379f8b6b5cb953a2729632d25805b7de5,src/main/java,src/test/java
77bd4519522aa85f462cdcd41376ba0eac8a347c,src/main/java,src/test/java
ea1f4edcfeacf4da8266aa3a6ddcff8f7aea6430,src/main/java,src/test/java
4a444734c9a9e03e48dd3c5baa1f9971017fc138,src/main/java,src/test/java
eaa4d22023b35082a17c74607829fcafba2af444,src/main/java,src/test/java
8c9e364ac83c66b3142ca793e7c8ce8f1e1e749c,src/main/java,src/test/java
76efc296e0c97c00bbd44cdf3cb56e5287d700c1,src/main/java,src/test/java
e1d93acb014b5f0d0b00d29a665a66f00c3fd01c,src/main/java,src/test/java
e35de16bfbd6e3af2d3c866e7e079a696a326459,src/main/java,src/test/java
f506c5ff34f507fecfdc24c89b065525a1cfa424,src/main/java,src/test/java
ba844d079901ee329878bb593b7f106fcf030cd9,src/main/java,src/test/java
9f74a637ab6472501e3140d184c9ae68496ea480,src/main/java,src/test/java
910ff076aa9f3578850cfbe27c681a4d00b0305c,src/main/java,src/test/java
28b7a431110e3dc677cdbd6498f8003707dea833,src/main/java,src/test/java
d466f8ba34242917c860e074a5e794c645862501,src/main/java,src/test/java
62f13dba0b9e87350df5c1806c624fa6420f3ad2,src/main/java,src/test/java
13f486c9d457fcc867ab7897edb77e3fe9a359e9,src/main/java,src/test/java
3565ccd2dd2c5105d6dbd795df012397b69ef28f,src/main/java,src/test/java
7cac95727f08065d7fd253001bafdd3bd3e9e6ce,src/main/java,src/test/java
54fa42caa5b5baf651f4b5f8f1cfcbf321bac7ae,src/main/java,src/test/java
9d343ebf0883aa3bcccb18a4b182a0eb89a66609,src/main/java,src/test/java
23bfa974fccded58c4095b52685e450066d4949f,src/main/java,src/test/java
d8e391033b8dbfb52beb472de5fc994bfdb47046,src/main/java,src/test/java
634ee5db6c08861f457a11f870a5df8e55d98d6e,src/main/java,src/test/java
0d96dfa479bd9f883340553fc3bbc098c9768712,src/main/java,src/test/java
6bedd13c4c58b8b4b6848ce25db5111814d9fb0a,src/main/java,src/test/java
8c43c316a471336845aa227ead51253b104367f4,src/main/java,src/test/java
27c04f86623718114c96ad01fcfdf95b9426e543,src/main/java,src/test/java
2912f9bfb5bcfe40c7bd1893673a55bcb9963cb6,src/main/java,src/test/java
9f54a47c9d3d2646f8d70f51b74d52daa021634e,src/main/java,src/test/java
f3e3047d632f5209f6170498558275177593cd2b,src/main/java,src/test/java
afbe8228ecbcfb6910a720b1ed3b54a03fadc0be,src/main/java,src/test/java
ad6e1dfb4a065c1954d4d51e0743d3a3090ac7c3,src/main/java,src/test/java
24d8f906303c09b7da075969d977811a4875441b,src/main/java,src/test/java
894fa4bcd8e20746a2098921ddb2f5c125d5b9da,src/main/java,src/test/java
