d8368b0e5dc23b0ad0b5972bac31b50334341bbb,src/jvm,test/jvm
41fdd98fffff52c346e5358ac8e704fc5b49ea66,src/jvm,test/jvm
1f5caca010cb08ab4fb9b0c171a675d595b0f784,src/jvm,test/jvm
66a9e77294ef36bf1210d828cf9da1318d06677a,src/jvm,test/jvm
4a3a238dcc29f19720bc3c05f51b7f4df9bfaf8e,src/jvm,test/jvm
2823682d1de37676b76011535fdbe3dd311208cd,src/jvm,test/jvm
487a246cb290cdba6f7549a52a6c88ca7ae147f8,src/jvm,test/jvm
edf4db0130c02b60c419a028051051202bea28ed,src/jvm,test/jvm
c38d7950a347e906a8ebe7b2889c65c6e8e8c936,src/jvm,test/jvm
1044473bb191c15dabfa434b8126f2fa523f59c9,src/jvm,test/jvm
5b270d3d74587c5df4d45a31838e21d8cfd60ca2,src/jvm,test/jvm
f56ab4477e28c500575934c987780478bc1319b7,src/jvm,test/jvm
0639244f7127e57afae46136daf296155704ced9,src/jvm,test/jvm
09b475af32b7b5176261de18ffcd2d4facd1b30d,src/jvm,test/jvm
88cf6f7b418a6edb9ea32b66382261dd9e2570dd,src/jvm,test/jvm
29c761908ec8305d36535c1d2e3d1c0c3d6c95d1,src/jvm,test/jvm
bfd10066cc86b66fe7e71c7c09b33d628bd3d20e,src/jvm,test/jvm
2aa415498df01b450562368d7c38643a3456189f,src/jvm,test/jvm
7043dea8e487d55510c120ada39d18b5bd08451a,src/jvm,test/jvm
dd6b4870844a6854644968000198871c7b82a3f8,src/jvm,test/jvm
013edc967ff7b290bf5e384b343715c522fb2c1b,src/jvm,test/jvm
0afa19989f4e0436f651ee954aeb0af7de49d56f,src/jvm,test/jvm
7742398d0c6cec5eedc03bffe0a4e7350ad4ea30,src/jvm,test/jvm
9c1ab5b8c97dfacda3daa199d8a2383495b69374,src/jvm,test/jvm
d4ee957a9d677f7ea2ec684915ea88f7717f5d6e,src/jvm,test/jvm
3a1d2d64aef43b49d5f249785d92567eb712d4e8,src/jvm,test/jvm
e33c415e9cba89b6282b70af5c7f285071f62dfb,src/jvm,test/jvm
18170db7ee6ff08c74ab91e72e3eb5812ae78595,src/jvm,test/jvm
2a0c168dba1edc72b2dae6a40a693fdd264225b9,src/jvm,test/jvm
1db867449c2e2dd8b17cbe464f5ac9ac972f8ff7,src/jvm,test/jvm
779e5665696f5f10cf9674283420278f38c7a05c,src/jvm,test/jvm
185101dd8cd4955e37279670d8ae3f61e43f37a6,src/jvm,test/jvm
8a4fe363b9ef11f1dfdefc7eefd3aec3bf9f89b0,src/jvm,test/jvm
83f11bd9e34948ae72ff50a55628298e36e62ec6,src/jvm,test/jvm
385fdd71fae99fc6ca55c157ab44d6313bdb840f,src/jvm,test/jvm
ece2a1c8a7acef86152f81a8f031d6be0e6f98e3,src/jvm,test/jvm
d67aaf344dd56c722562358eb7c9967f4942fe77,src/jvm,test/jvm
c2bd9f09aadb42c56960aae032de2ea289e83f32,src/jvm,test/jvm
30cbae5795176351085f66a8eda55d90a75cc91d,src/jvm,test/jvm
01b856479ab147fc148c928a500dbea4251fbf12,src/jvm,test/jvm
465c9c61c7256203df22687da978619eb33fb290,src/jvm,test/jvm
918849fb44d9d9133801f561a608ed42f774b421,src/jvm,test/jvm
1a380ede3fb3e23db95790703c0a5a09c9052222,src/jvm,test/jvm
7b7a8b31d3eb32d0feae16055590409db37bd9d4,src/jvm,test/jvm
3ceaba8873ff172285231f1234713df053d7e96d,src/jvm,test/jvm
adc3dd63b0b1ff65695f138ae683a53224f92e9a,src/jvm,test/jvm
d4584c197932798817c8b14c8f63dc99df8917d9,src/jvm,test/jvm
349eb02831ce89ac18f6294624218c0db25f8230,src/jvm,test/jvm
9abebd5dc73301866d97c137f22696af412afd28,src/jvm,test/jvm
820195b4fa4f6316438b33ec3e464996cc164935,src/jvm,test/jvm
6ce2cc7216344a8b5f8191e753fd0ec507937b73,src/jvm,test/jvm
138770d47c240c1817080b3b17748a5e74474b00,src/jvm,test/jvm
554cc8a006a6510e37744aec6ad9a091e0bafe4d,src/jvm,test/jvm
f4787519501b8417aead5e9720697c0cc104cc31,src/jvm,test/jvm
4f9d5c013da12284353a2411ef386c07ef210214,src/jvm,test/jvm
b20a6dfa973de028db614bece9a429d22c84aee0,src/jvm,test/jvm
8a71ec5bea5f323304b3737e3a650b9345bf6f5c,src/jvm,test/jvm
8299b0c9e0ca0213055e2199d3a6947cf33e08ba,src/jvm,test/jvm
52744f77d3cd07ac0e959fabee2f8e8cd2de790c,src/jvm,test/jvm
4461a1d54b94f59042d3a68f4aeec1b883503702,src/jvm,test/jvm
3baf61bad84001cd3ed21d30dc56b3df60e75e20,src/jvm,test/jvm
2fac9787c711ee30145c4275547629394df1c67b,src/jvm,test/jvm
659b59d0339d304140abab25ff6a92a7054a35e0,src/jvm,test/jvm
11cb85f210de143c60822b96fd894c130c930fe8,src/jvm,test/jvm
63e20784aaafdbf78a5b2e3ce9a9847ab4b76b0e,src/jvm,test/jvm
cc35446c8cee800f87edb328b115492f7d3a120d,src/jvm,test/jvm
daacde53de91a2bd66d8105bc8c0bc6efcb5178e,src/jvm,test/jvm
a1b6a443c130b40ba001105c1541015c087a554c,src/jvm,test/jvm
80bf4e270716ae7264b7615b18d078daa8297933,src/jvm,test/jvm
538edf3a20106b1358371bebbe1bbfcc17d4efb7,src/jvm,test/jvm
8ba90e9fa5aeb0169480dd8622fed93e1fd1a657,src/jvm,test/jvm
67d41fc89ea7c056b1c1233ecd235d789d6df482,src/jvm,test/jvm
8814bfaa14f1bcca050505f9e2b7168fe61b1a5b,src/jvm,test/jvm
5d93a864459b2407fda95de4995ac316ddd49fe7,src/jvm,test/jvm
ce19f81d5bd107849380d5a8b0b5b57b74772122,src/jvm,test/jvm
4528a61872d3a9709d1d9f6c66a9f15fc0810f2e,src/jvm,test/jvm
36e2e99e32effcb4b4df9fdbb841eb400e242fcb,src/jvm,test/jvm
72eae02fa5079d8a9f0b1e927bc9ca3c919b7858,src/jvm,test/jvm
3512ae97fdb6b846afe67f4bd097b488c658e51d,src/jvm,test/jvm
4ac1154e93bf5c99251b1aeffae679459af47325,src/jvm,test/jvm
450ed637f92c3f387681a47b4b667f17eeecac1f,src/jvm,test/jvm
7cf019b874ca937e134ae7a77de0f361965783dc,src/jvm,test/jvm
05b75e40fb2c392a14879d6b41f18ae4221be2fd,src/jvm,test/jvm
b8132c2da9d477c4332f313271da131212e25c90,src/jvm,test/jvm
6ae02e403e59507bf2a01f07ece503f9daafdb0e,src/jvm,test/jvm
51df6accfb58d7be94eed4e47226e04d4bba0db1,src/jvm,test/jvm
37205df2b795c0ad00eaa01c4a368763d90724e9,src/jvm,test/jvm
fc03b85ed721746360a0043ee2c3fa2cf8fe2f99,src/jvm,test/jvm
77354fee0b517d680c4eca11ffec69b79d6b0c00,src/jvm,test/jvm
48427880a483e1d86f9dbe99ef46e395e3a40308,src/jvm,test/jvm
cab86d08f6f49afaca5b49d6ed08079f700b3737,src/jvm,test/jvm
8f63d5a85609ca71019ab298859af0b9858262b8,src/jvm,test/jvm
a1fd83a987995430269cd25ef360f703e7eb8f99,src/jvm,test/jvm
08038b6d65462788796348e40adbacfa6d2f9467,src/jvm,test/jvm
ab38a7a0c87a857f9a9021d9805d8d63c794ef74,src/jvm,test/jvm
4dade36c6200a1fea06aa207f3f6d8470b725d0f,src/jvm,test/jvm
0bf7e703fa61c0c0e44f56fa3387f88a528f6ea7,src/jvm,test/jvm
954d158bff04c8bdc638429fc1ca2a78a773d696,src/jvm,test/jvm
2b15fc4fc7189f2f42a0fea13f2ca00a6675d6c7,src/jvm,test/jvm
d16ed4cb5dd1a75aae85507c5229317914faa787,src/jvm,test/jvm
d8384f43b444381dc674a2db1a30a2bfe0563602,src/jvm,test/jvm
29a44e57a3481874b0a84cfd6ec00130c661f620,src/jvm,test/jvm
e1dd247ce97ad560c72554ed612e1ec8e69e9777,src/jvm,test/jvm
54a829ceba6c1575d0665721509889e4b60dd066,src/jvm,test/jvm
9d62c13aad92daffa6af483306af35fc5609d89d,src/jvm,test/jvm
758a1d2d602099e64177cad0ecadb2c000d408f3,src/jvm,test/jvm
96a08665ca5cceda541514872e904079e59b486a,src/jvm,test/jvm
aefc725201a037745fba7c95e1ac34ffb266207f,src/jvm,test/jvm
9bf202277bf02cee8fbe8c627aa1834d00f556ef,src/jvm,test/jvm
e7e1177992ba3a151d3162b8c6de041bf6708005,src/jvm,test/jvm
dad14e414619b1f336d18bc570ea165e072008ea,src/jvm,test/jvm
a9f92dba040d41974d144e1340a161b38752d382,src/jvm,test/jvm
6fbd3d4e8df0c68472308d81c4c824635355dfcd,src/jvm,test/jvm
306f399e9a5a9348c25b64ae33f0a7b6a7d2ea9d,src/jvm,test/jvm
ea0e465ab863668f0b04aba7d01050aeb4b13d22,src/jvm,test/jvm
e0494c343b3288b2df6319d6eafeb2f1b59caa6b,src/jvm,test/jvm
cb25186f5624293f71114913e4a8424fc22f75c2,src/jvm,test/jvm
bf0f3a2fb0806d44ba79867ad911a2df19d8c360,src/jvm,test/jvm
ed6dca0246e053c443e6ecdbea1e08073ebbaff2,src/jvm,test/jvm
a42b10a91dad99ef740aa58b2be08a9d157d115b,src/jvm,test/jvm
6d23b8b7e1ff3ef15f60449d7089af452009c220,src/jvm,test/jvm
b9f1d7efd96cf2fb1393f7a2e4277e3fb68b21bc,src/jvm,test/jvm
79010512da01e156bb74478fce7062ac422e6475,src/jvm,test/jvm
124acb92dff04a57b530ab4d95a698abc8ff46d9,src/jvm,test/jvm
da2f035865c0176e2fdf047730b0c1f55d016c50,src/jvm,test/jvm
bb86dcc8cb57351b34077a506336f6b5c90f7bbc,src/jvm,test/jvm
f7443a8224b23e648117eb56e03b4b03f80398cb,src/jvm,test/jvm
2da6b81978407bf4765a194e1fd6c0502fa7c4ed,src/jvm,test/jvm
a4fc110f72f982acde7d01c68850c374a7d9f1a3,src/jvm,test/jvm
3970122a07308346701de50e0de616a007999e77,src/jvm,test/jvm
2151a2d2106caf015164bba224613c57545bd283,src/jvm,test/jvm
c607d04828e73f8cc4bf32b4b872318b6b6e189d,src/jvm,test/jvm
e20394f91246b9d936f8ef3bf130343d7c4f1a03,src/jvm,test/jvm
4b2d6dc320f03317937e4908c404829944d84760,src/jvm,test/jvm
cbe1e372a462e6c8a6a19edf53774302940894a9,src/jvm,test/jvm
370a631857a2b510a1d4de2870ded09598394aa9,src/jvm,test/jvm
d304dd585239f74b75540cc5f7129f852f822fd8,src/jvm,test/jvm
70d8ba9d5832c1893351dcfd0e285d287f221794,src/jvm,test/jvm
ca022899b3c433318f4e427e873d1ae583bee13b,src/jvm,test/jvm
37403d17ddf4f762fa61aac9feb93143ae854645,src/jvm,test/jvm
c8947c2fede62036c20472c9e0335ef90a06b536,src/jvm,test/jvm
e69fbc51ada2fd542d717bbd7623c39f4f6a1cb8,src/jvm,test/jvm
914abe59b4c6e7e156e81a8e37a483cab6097f5a,src/jvm,test/jvm
7b940aed63d05b17ce6fc18341af02748c548c7e,src/jvm,test/jvm
b09e98698e298ad0edaf1f4916c663875d387c2e,src/jvm,test/jvm
d0c5457c0efa4cf5838fdd9626804ff05e541ed0,src/jvm,test/jvm
6207d320c3f79185f5e8e19458d73fbf1aa10f72,src/jvm,test/jvm
566db743de29d8463c9a8c68a359cb34ce01d900,src/jvm,test/jvm
9371685d8a7f6685822ab367078d7ab5e86a4c96,src/jvm,test/jvm
2657c25f232f9cf6f7d6580cd27c2d76a7b6c4c9,src/jvm,test/jvm
d568408e4d284199cf53baed7dd1471ab9628ca4,src/jvm,test/jvm
32fefef835984663af2e799885351e7f3d9a067a,src/jvm,test/jvm
2709a1cda9bd1bcc5982bd73243bbe2a5fd0112c,src/jvm,test/jvm
becab7cc2de23bb7754a7bf438be2270101eecf0,src/jvm,test/jvm
107a9c9ab34aebfabad646e8d30b51e94e3ae060,src/jvm,test/jvm
e99b53902d40fbcaff47bd876eba432de1d086d5,src/jvm,test/jvm
a6c4965900f54edf3b45cea67e19da125f90c547,src/jvm,test/jvm
a894fe63a0814719634fab78783079bbcd121735,src/jvm,test/jvm
fc4ac8e2a950a7f5e3447a29e395d325486a4698,src/jvm,test/jvm
1b918e5764c67dfc6587c2fc64aae5d792f79a73,src/jvm,test/jvm
278f01bf09ee6d0bbe71315a69118961405b19fe,src/jvm,test/jvm
f37a6bd99d10f65a43becadcd7f7615715e5dc0b,src/jvm,test/jvm
a5540d79fa8b3b6f625308972fe922786680b833,src/jvm,test/jvm
abf0f8a22b665117c88e2b2dccdc588d72f12403,src/jvm,test/jvm
5d2cf6f9d45188caf676eb4dc178d0161d369f91,src/jvm,test/jvm
7fbe7a278f99e30ac856a21cfe9e6e5a2c16c8b1,src/jvm,test/jvm
2bd8a1a1dc1aff169ab61ce98f1893d4911d2795,src/jvm,test/jvm
a715e9a5c20299a54a985baa7916031a80c3a09a,src/jvm,test/jvm
b332503b113fa6cde6afa320c9c190e3aad5b4c3,src/jvm,test/jvm
0b320323936018e34c7469af98c76bea50d7dc54,src/jvm,test/jvm
a323987bb7325eb9756ea6371b72dbe1ce409cc0,src/jvm,test/jvm
ab7b4ca7731fcab279d67a7837e195f40ebb378a,src/jvm,test/jvm
09e01231cc427004bab475c9c70f21fa79cfedef,src/jvm,test/jvm
5e68cd91133d193be8dc10f6bf492765a9a99633,src/jvm,test/jvm
a20b2659c20b1a12dd455023010f4454d62ee313,src/jvm,test/jvm
d5581bbd6b45bee1ad2229cd914ca871c0266ec0,src/jvm,test/jvm
4721c361789214225ac0616a045b9d38ab7efe29,src/jvm,test/jvm
4ace62f2def44e4a3afc918df90296b72df62820,src/jvm,test/jvm
6f40bd7cbc0419240bcec7b8525ef7b7bf57cf3a,src/jvm,test/jvm
d6d4ff1b2381289440c864347eac6cd9a36714a7,src/jvm,test/jvm
dc4011cd69436d1fa43033c085f79bc91af7ee22,src/jvm,test/jvm
afc0ae52312aee670c396885514f76a606cc3dfb,src/jvm,test/jvm
a38f0c5c5df970a09cc5b12c9da28d7a6b7e5463,src/jvm,test/jvm
51613c78ae6060c398cefdf20fd7967084f9a55f,src/jvm,test/jvm
93f9a1733c89329949f4164e581c173cc422f1d1,src/jvm,test/jvm
e8e1a4e8f5cf77dce00970a1cdcf6dfd03222194,src/jvm,test/jvm
21832ad4098e9795d94403d25ceb5649099c5f9a,src/jvm,test/jvm
de6624569affd53f44ff3891d8678b00b074a4fe,src/jvm,test/jvm
11ed99cf37adf9ae59aa11338656991d14ea8355,src/jvm,test/jvm
80f59a9fd6f4c00469d58f9410a01d77339e286d,src/jvm,test/jvm
adf4efb715b33abe7107175dc893a9036232a166,src/jvm,test/jvm
7814f01f0697743c8168205aa2c800705844b4d4,src/jvm,test/jvm
d42bd2b315e23bf79a2429bef67d7d7dedc275bb,src/jvm,test/jvm
4bca4ad8d02ab05aab729d56b6393261a59c0601,src/jvm,test/jvm
e6a3ac655db254d2e40a85eaeb932ea65cb6756d,src/jvm,test/jvm
5516f291a635243d7ab2d34a4d967bb6b218fc4f,src/jvm,test/jvm
5e69300f6366ad81d2c7b887ed6331f0a7bddd6c,src/jvm,test/jvm
282a68af094f49a3f297b6a19eb80ab765f6fa0a,src/jvm,test/jvm
ffa607e2464a361a8f2fa548cc8043f5a8818d04,src/jvm,test/jvm
ce7c716fc55c9af792998c2b3d512018cdbd8bec,src/jvm,test/jvm
26818f2b45e8e83760380f1f4bb32907a10e594c,src/jvm,test/jvm
8120e15eff36a1415a6590297f682458c783dd1e,src/jvm,test/jvm
a8d84d6716321d3daef3fea84f62add7e28d02c3,src/jvm,test/jvm
a50c2b145e6403447aa6d7e4b74b80e80171b5d9,src/jvm,test/jvm
2ed793d9ba78afd7311dcdc3b098dea82623e0fa,src/jvm,test/jvm
c5988e83df3f20722733d2b201907a300277bc5f,src/jvm,test/jvm
4137328b75c06771f84414c3c2113e2d1c757c08,src/jvm,test/jvm
f97347277ba2ad237c0d72ee80334fbf45bbe62f,src/jvm,test/jvm
e294761772e9e180d6499bcb080471ff2626b59d,src/jvm,test/jvm
e62ee285265248009c984218ac01aae0473a04c6,src/jvm,test/jvm
844b2d25d32649ba65d8bf7c4bc9803d027acca6,src/jvm,test/jvm
d5865711a7c7ad567295ba53109133702c954033,src/jvm,test/jvm
82e7cf8cc4f5fead22824a0d3d38108bbdcdf87c,src/jvm,test/jvm
692cc4e28ae3e13094e425bdf99d088ee0fa37f2,src/jvm,test/jvm
02639f4f07140fdc3248a9ef869d62654d378d24,src/jvm,test/jvm
15a6fa5753d14ce5c12f054bf9255607e4943081,src/jvm,test/jvm
34650ba6c5049f86901de8cecc82abbf2df6ff95,src/jvm,test/jvm
290458c121181b6213e3efe71cfcd7b5025738c1,src/jvm,test/jvm
d541e60bc41f9cbe3ba1469966bd9031ebaec207,src/jvm,test/jvm
5deba40fca0f88f61d2086cb902318ad9bb044f1,src/jvm,test/jvm
eae4dc216fc1cc858be929049d27254ad6ec0b8f,src/jvm,test/jvm
3dbc67f4c5cd1b8a77b365dd3b8dcf723af82e3c,src/jvm,test/jvm
ecbf7352cac53826b273f56ee72bd3e18c8a84e7,src/jvm,test/jvm
5cb4582ffb9f4703377e8963133640d1d50e065a,src/jvm,test/jvm
fbeafdcbb1e4be1263b91be7ba75a15aa6e885a8,src/jvm,test/jvm
e8ee6deedda17c6bc8855985a91079fd64d57f0d,src/jvm,test/jvm
7ce2a3b615a8d6833800b3e9286c88547ed39201,src/jvm,test/jvm
afba24e79840026bf04582732ff0bfdd11659302,src/jvm,test/jvm
66559c6f1b5a5c5c0540558a84dfca50daf0cee9,src/jvm,test/jvm
109c2153c70a8f6f7e68a8710566c0bfd38142ee,src/jvm,test/jvm
4cd851bd457a8544cf9987c4b0f8741ef7c8dc93,src/jvm,test/jvm
fe388df9b3e9649fbdf9f2e57206ee655212bcc6,src/jvm,test/jvm
64af629a19a82591dbf3428f7fd6b02f39e0723f,src/jvm,test/jvm
4964112d962ea935b8ff1194efc5c338c27b03ab,src/jvm,test/jvm
3356f1f764135570b948f6614c4816f49fd68dbd,src/jvm,test/jvm
41f977a9e1e10a53633fabd77b30852c052dba3f,src/jvm,test/jvm
4c4b2b4b6d579a118379607a268ef060136d9aac,src/jvm,test/jvm
fe32d95c61d0a4c9350eb4515f6e74b2aec761a3,src/jvm,test/jvm
07a437302c544b2635a835c9eeb1f3210e7519db,src/jvm,test/jvm
dee4347a35cfb5e8807fcd79244fcaa85d80e7ec,src/jvm,test/jvm
405c90ba16bb886ae9727b65682ad902c8f2fb0b,src/jvm,test/jvm
b27da9f3f90d78fefc676555c792ccba87e5361e,src/jvm,test/jvm
2c095ee5d2bb14700f1d23d8c4d4c5621c30d838,src/jvm,test/jvm
7bc3a81a62fb147882da59fa147ea31a7f383837,src/jvm,test/jvm
9c47a02e52173b55c0184f3d9ecfa4b7d2a79984,src/jvm,test/jvm
f33b7d80b3a30b5f08cbcd36aa92b5e86b90263f,src/jvm,test/jvm
23cd491da1ddc3cb684eb0a196101af5af64f6a9,src/jvm,test/jvm
a2a202805eadf1bf5c6761e4304f0afc961da163,src/jvm,test/jvm
c78f1aaa8fcd17eb5c8f45f5dbb90e30f99e19bb,src/jvm,test/jvm
a0b2e6260bb6bdbeeb1dbaaced418c972f627187,src/jvm,test/jvm
bdd0a3b99e39302afdbb3354634e7be269e22a78,src/jvm,test/jvm
661dff5c789918ee58c887e089ad0b8eef2c5e84,src/jvm,test/jvm
0bc86218bc641c68ef17eac796bc9b6e5eb37037,src/jvm,test/jvm
51baa7dfa32b0dd2a537985c357b323fd0a1b76e,src/jvm,test/jvm
09213e0d00e1ce0193d8d310a4540346c6260ab0,src/jvm,test/jvm
c5a8ac41f10ad0a475f64df52b1ef4e74a256c30,src/jvm,test/jvm
8bbd15b19dc4d2f1d2c9878abc05b7b0dcd2c808,src/jvm,test/jvm
dd502708c71ac62f10a50616fa2d217d464efcca,src/jvm,test/jvm
3c14c1f3bfd873e28665e3562df66d98931d4128,src/jvm,test/jvm
9a1f5a3ddda6139dfedbd5ee3d141965717ae81e,src/jvm,test/jvm
b2393ee21c56b1de5ffbc0cda91406414b6de02c,src/jvm,test/jvm
dd8ce7b66b60bfc7b2b2dab0d9c7384b2ca28a69,src/jvm,test/jvm
49c0948b3696f5b9a7b04f33656fc0e1032e2c61,src/jvm,test/jvm
1bbc0458a55694d653c2f7799cfb7818ad95c69b,src/jvm,test/jvm
0f9f3fb511b1792a011e6fea94f80dca5dbf7e67,src/jvm,test/jvm
6338cc9394523ea490128484deda72b51a09ddcb,src/jvm,test/jvm
b77dffbf8abaf939939994e766257651adf47ffc,src/jvm,test/jvm
f26ad0c8c65fd66933378f7b0719f51a2d056aff,src/jvm,test/jvm
6e6ff5811ff5d004d647d75ac2c9bee70b51ab7a,src/jvm,test/jvm
993a59782b54716ac731790758521c74d8e60226,src/jvm,test/jvm
141b5cccd3463266e80d6d64033b0117116cc895,src/jvm,test/jvm
99b516040ddd6ce776ae6d88e8e02462c3aa9707,src/jvm,test/jvm
7e671f03732e22d06ab1463b99daab0c3ff8acb5,src/jvm,test/jvm
50458f77f8335fb0d7bba09b914bfd809a8cacee,src/jvm,test/jvm
db93e7ba01d553a9d6856964456674a5118113dd,src/jvm,test/jvm
1b2ff398b5b45d63ed85f1aaba5e8e5d00cabcc3,src/jvm,test/jvm
097940d0f915fdf2893d02558b3c860f32e7369a,src/jvm,test/jvm
b37a67ad75f27428e334900c8001169bda70f274,src/jvm,test/jvm
fb78f00849474392269137b190390a210826259f,src/jvm,test/jvm
4d5e9b85a459894d6cc3caa983c919039b82ddf8,src/jvm,test/jvm
ec217df0efa11de58fffb01a907fc9c42f255958,src/jvm,test/jvm
04b753ef512f1d5915926a09ed12d8ed006fbd1f,src/jvm,test/jvm
41732c6f045fe1d159db5f74c5ada34c904306d1,src/jvm,test/jvm
1960807dc89a2bfbf02d3ee07f61dcf50f062166,src/jvm,test/jvm
f3a09838b6b117841f13f1d6efd106f3ece2cfde,src/jvm,test/jvm
b71aa0443ac83a9e497b1363a1afd6a509438830,src/jvm,test/jvm
b38e159d31fab3805980e1bcd35d83611487930b,src/jvm,test/jvm
257ae2fc52a1b097e62cacdae9a0347d1c7db139,src/jvm,test/jvm
ef9ab9cc379af1f45fd2d0994a51ad759bdbeffc,src/jvm,test/jvm
00f48d60e75b28e11a887baba02dc77876b2bb3d,src/jvm,test/jvm
c122876f1518f5e737ca0ea831e8c853af8d6a79,src/jvm,test/jvm
1b325e6110414d9b425b4c74fd72e1e40bb98c9c,src/jvm,test/jvm
7ffc44d083707bc60749fe6821f662fc730c6466,src/jvm,test/jvm
3890a0345f1c73dad04a8cda87c279a2ffdb0cbf,src/jvm,test/jvm
3cd0d23bd441a731b59c58b5812b393d26b81b8d,src/jvm,test/jvm
6976624228386c25e9ac6dd2b8ef87a9deeb1ad9,src/jvm,test/jvm
a2905c8844291ca35bc7d50905b7adc605765c29,src/jvm,test/jvm
38d714bf37ecd69dc2d2a16e8f6f6317dfe4f846,src/jvm,test/jvm
5d84e5e98f55c87afd425dc2169118f7821f6a71,src/jvm,test/jvm
0553e9a605d46addc8e01f021ad651296d2e4e8d,src/jvm,test/jvm
55ce4a09e54497ab96bcd42aa39460fc0344d13f,src/jvm,test/jvm
06db0e954997e579c175ffae5f7f25a06cf9e4c5,src/jvm,test/jvm
