b3d2b07c191fb0c6a3dff25fbbccc12031e38be3,src/main/java,src/test/java
9a3deb93ccf6460a4d087fdf83d009d1aec2b212,src/main/java,src/test/java
39e1f495d5b77d92a6dfd8bee12cff593a0948cb,src/main/java,src/test/java
442ce56ca2e1a3fdfbaca6385d245bbe91912cd7,src/main/java,src/test/java
0362553c3d4a79786795e9688c898d083b848507,src/main/java,src/test/java
e822eb4c015af6fab2fe0990fc0d843747551aba,src/main/java,src/test/java
8b0d7b356ace7df8737c543ac9938845d45a46bd,src/main/java,src/test/java
9496dcb6927a1ed1079594f613d981a54c39edbf,src/main/java,src/test/java
63f5d5b457ee3ffc8e701c9e122ed84180ad9b78,src/main/java,src/test/java
1b887260b1904a003ec716ddd52b3a7874681390,src/main/java,src/test/java
bff3bc5b4f7e7bf4ba6a00f04349839f46f63d19,src/main/java,src/test/java
52a983895321163ea19fdb77a6f5060c2bf0367e,src/main/java,src/test/java
90251b96d3c8c70859e99aaa0fba626e6f915132,src/main/java,src/test/java
e6e5ce9ae8e5c6504482bbbc38c352864ba359ea,src/main/java,src/test/java
be831dff83e23a64b2393cef2fe09a94b7e53834,src/main/java,src/test/java
83da76660c8dde0e39327c404964f83ce16c1cb3,src/main/java,src/test/java
d559dd351091e7938f9c9ce4a9fa7319a578651f,src/main/java,src/test/java
918d08d09fb0446cb0b8bd36f0f7abe39a440341,src/main/java,src/test/java
a07f3a0ade43404dd814d7da4d973c9a65680661,src/main/java,src/test/java
9d26d3d5a807a2b59d1bf254f8a7e7d314f77b9c,src/main/java,src/test/java
e6cba8274eaeca214522bb92cff96ebef1c083a3,src/main/java,src/test/java
fce7d163c91d89342a2a60e0a5c425ac47a3140e,src/main/java,src/test/java
00b5e9353376f4c8ba1c9366ce860d6446d1bb89,src/main/java,src/test/java
08b2a22cdb7d2b2d2259e2e6e67a8897429fc320,src/main/java,src/test/java
5e8acb98c21b308dcdbeb8c3ff2f27f38447d696,src/main/java,src/test/java
ee7fa00e4e58cf7a7299982080e0e99371f88dfe,src/main/java,src/test/java
b54ac4242ded24afbb20262f97c13efde32f8de2,src/main/java,src/test/java
1384bb96aee71e4f1561b301b21503edcebb73ba,src/main/java,src/test/java
280a2c9a1f688f8bd7eefc0b794d7e72a9aae3a2,src/main/java,src/test/java
90a23ed6a809845f59b73bdb69734dee01021aed,src/main/java,src/test/java
4dcf17339e499e4d89aa4fcd62e1088a6947c4cd,src/main/java,src/test/java
8a8942badaf4d7dc574130e74a9c7892a09bd1a9,src/main/java,src/test/java
68bc1194428d9cf057e60a0178469821d49d1d42,src/main/java,src/test/java
28f70e83eee11063653ce86d5daa05662bb76922,src/main/java,src/test/java
8ab9362b799f4fe44cb250bcd7a132f07dff8c40,src/main/java,src/test/java
f3a5ae285d1c60db9b7ad0ec06e477c7a51e8c70,src/main/java,src/test/java
409b162b49bbcd04e6f57b2dae0b9ca244c9c5dd,src/main/java,src/test/java
96700349bd451c706a7feec2250ece668e368979,src/main/java,src/test/java
d0d17ec02579e07e4ae7264f0afce507ec65d461,src/main/java,src/test/java
685de05ebe4cd1df500f4798084845758857ec21,src/main/java,src/test/java
0f68a8f9ab6638ac5b71466eb59e27e473125b67,src/main/java,src/test/java
9e764429c88e77a226c4629b5c77045a429f3cf7,src/main/java,src/test/java
eaa51e9a52f5411fe910dfb0ff4ff57cb864def1,src/main/java,src/test/java
d1aaa00e44c76234ccc9f9c7c6bf44038bc74533,src/main/java,src/test/java
0d5247fed64edf0494362b72ee52aa5ec5012592,src/main/java,src/test/java
2ae2cb54a1cfa1ca17e70487eb91c65752a7c962,src/main/java,src/test/java
8a109f0ccdffebe6f15b3e29483a5e22b401e6dc,src/main/java,src/test/java
6573d1401b4a8a4ccb782d3c0bf437a33172732a,src/main/java,src/test/java
d924dcb518f4aa85a7e7ff21920a472251345c0d,src/main/java,src/test/java
03c1f6fcb5e1fc0d78371d03af5310a5c6cb1f98,src/main/java,src/test/java
c33617db27d2c31825946706c91843f3cfbadce5,src/main/java,src/test/java
db390c15702eff7ba6b0cdb5855ffc5503bb9b5c,src/main/java,src/test/java
fefae5a68b1f70f495dcfa6aa5adacb5c8f8f8b8,src/main/java,src/test/java
6ec1135e813fc845875cfae3c1055ad534a418b9,src/main/java,src/test/java
d7643b9434dfd7897c41fb2d69d28db1bf13ef2f,src/main/java,src/test/java
d6c477cdf10327ab09352b1a39c7cddf13021ea5,src/main/java,src/test/java
