2bfd88de9164cbe5c7892e0e05510313e0e451db,src/main/java,src/test/java
7344c9c6a10b8a0cd728b424025d1df67cc1c400,src/main/java,src/test/java
aa3e729407619564b1a067a98530a48e78c23bbe,src/main/java,src/test/java
5038f83db996ce2d1ef1edc9b1e70fd060885a64,src/main/java,src/test/java
a147312138c61de83bd184ba39bab1787517413f,src/main/java,src/test/java
e68026efca9e4b4353663b4d1a908f27275adb60,src/main/java,src/test/java
dd4432e65155e512c8f8fe81c046a99994d6c8ec,src/main/java,src/test/java
b4a68043351dde7f564016bc1e525739984eb417,src/main/java,src/test/java
471d9e2ae257d3945d3221cf1c55ea1fac81b6ea,src/main/java,src/test/java
9d1a847846fdae02d395cde7240633e231b8902a,src/main/java,src/test/java
