a932c25004508b19b3c9971d96afe2fd84a59a95,src/main/java,src/test/java
11b6535639da9c62ea873f4d88f97311e895342f,src/main/java,src/test/java
6b8316816efe98aee734100a75c75734ba403335,src/main/java,src/test/java
71f6b0874c12f6e40f0b491e2559686d191aca14,src/main/java,src/test/java
391a345f7ea838377792f3d214ed01c726be1726,src/main/java,src/test/java
9641edbcd61cc9417e3f83faee0ec69797c4f356,src/main/java,src/test/java
0fe8b40c6e65a676d32078273ecfabeaebfe6a9a,src/main/java,src/test/java
03bce0faf491e5fa3877d7ec2b38a1ac39c4b9de,src/main/java,src/test/java
21feaee9500aacb0be413dbdb6123b176f19db78,src/main/java,src/test/java
8c6f34f495f322378617c6e02a0d4f1a86e1bd55,src/main/java,src/test/java
da75519a1119023962c720bc53b2714fa906d6bb,src/main/java,src/test/java
fbb8686b8b042b5ecc15441ee101408053c59c06,src/main/java,src/test/java
740fb6b164a2ab3285b19a7eb213ed4d3e589e79,src/main/java,src/test/java
5e7d262e30b2590ab77bc6ab9136d600e2a705e8,src/main/java,src/test/java
aea96132fbeac5e92283331044265be14212bfe1,src/main/java,src/test/java
e4c1043f264b12c0e438ac4a4d0eee27f2524503,src/main/java,src/test/java
9f71526b77bf1e78246a9b3f93d57190c0370fe8,src/main/java,src/test/java
516d0e9fed9d5ecd34173f4d9739989e5d3add9b,src/main/java,src/test/java
8bc05b109c997e4a670224d541828476e76bd873,src/main/java,src/test/java
857b62434cc0a965e3e76b9be5612d6b9c18de76,src/main/java,src/test/java
fafcb5e24d6d0b984903637b86bb0f47438cf8c6,src/main/java,src/test/java
7803494afc1b50953fadcb4e67505e5408be877f,src/main/java,src/test/java
18349af83f2ec2fb469ac1507cd1b1c2b1ee7678,src/main/java,src/test/java
fa5903d604b119205395d8e199951cc84990e88a,src/main/java,src/test/java
c6d2b0aaac0cbcae98e69bd59ed2144194f48f87,src/main/java,src/test/java
b2d7596a47565c14a957f78d209f41d856eddb18,src/main/java,src/test/java
0ccf0a67edbb9d31cd7c43871298c964311fafe4,src/main/java,src/test/java
da8f684647550108587beed2060838aff62175e3,src/main/java,src/test/java
b0b9618ae0a9f9d63381eb159ef55de4990580b4,src/main/java,src/test/java
3bf76935f45d5395eb31ba7870b26d16a458ea73,src/main/java,src/test/java
2eaf68a4d1a0aabfc016fc48fe5648bc95f5c2d5,src/main/java,src/test/java
58af285ece1c5bd8a2446bce2e652a7e3dfa942e,src/main/java,src/test/java
9ff89fa36f5fbdd24c4d7d6828db13b8c4ad352e,src/main/java,src/test/java
9c1d5e3f86b9f3da019392b554f613abd2578dc5,src/main/java,src/test/java
5f174543b3bc8ada6a378d168581e2642b39d70d,src/main/java,src/test/java
7659a66ca008316f532d998e3fbbf5e7e962f699,src/main/java,src/test/java
963d1527f34e78f317e8d61845266612724caea3,src/main/java,src/test/java
c6495d3838a57c083ab841cbc910ccab3abca5bc,src/main/java,src/test/java
281dbf5b86b99e6e66acd3f33a8b92460ca5ceee,src/main/java,src/test/java
de6d7ff10ae1374f0c620ab500d77830a49ebedc,src/main/java,src/test/java
97c8ba86d2e5905eb35c5c6fd39cfd55c5316496,src/main/java,src/test/java
7d3163fc029d53c0768d83f7ffdc95941fc3fca6,src/main/java,src/test/java
4eb165891974eef7d4ad8fca9f73d36435f8563e,src/main/java,src/test/java
0d28ab556e0503efe003eb9c17c10690ae6d7d75,src/main/java,src/test/java
daa6920ca69e881d4f5e906bc8a46c95deef63c7,src/main/java,src/test/java
6d2a336fb2a10e230bbebbb0cb77f45163324cdd,src/main/java,src/test/java
c4ab79e9db93664b0758bd19b60e99c704a2dab9,src/main/java,src/test/java
e0df1e79a3cc94776276037b0ad8b3c51737e8e1,src/main/java,src/test/java
54c835e0d2d5575402c89afad501c83c5edf88a9,src/main/java,src/test/java
7834c7466e29824578579eea16d7364bc104a9c9,src/main/java,src/test/java
2e5838e736025b192fbcd0ee18baa4d56be04189,src/main/java,src/test/java
85c47d019f903e2aff05ecb1a02a8bf486227dae,src/main/java,src/test/java
c11356ca7c5c16e9938118f5adac89d5670e559c,src/main/java,src/test/java
9625c470b1e256faaf1db8b61680ce814a8be2a0,src/main/java,src/test/java
6058430cd397a132c60e7b98b3305768bee68e99,src/main/java,src/test/java
848b1779c29fe3232f11e1d49153b3bbe90a3e5e,src/main/java,src/test/java
abed1421721418608ad988a54a96f06e856f04be,src/main/java,src/test/java
94160b14461715d23c21d957dcc2f8ae9dd236ca,src/main/java,src/test/java
295cede6d690f0516c6bf1b0b50ecbab86ad2df0,src/main/java,src/test/java
bb456d95576b4c5b90e74345b00d5f60050c6127,src/main/java,src/test/java
c357bc61cc27398828c7cc3b1915b8421f85cd18,src/main/java,src/test/java
eace986b8459bcc899e2b89c82ad54ed72c1c805,src/main/java,src/test/java
8ddba910fb755e3d31b24b8ed0e6126ad53a5a95,src/main/java,src/test/java
df8d4ab5cb6b43e2bcead2d2bafea7d0c3190cb5,src/main/java,src/test/java
2848927f4b3a8df1a01635e93f6838f0a5a0249e,src/main/java,src/test/java
5aa704f3c7109bdbf396c7992ededd5d9e682627,src/main/java,src/test/java
228e39dd8535667f1dd48fe0d0106bdfaf81381f,src/main/java,src/test/java
74ac46ac9f542a32ea6db1a9a9d3c6eeb398e2b3,src/main/java,src/test/java
8678a20c23a0211e3c7b2477abcc28bf12db3883,src/main/java,src/test/java
830c80449f38eb9b208a1e692f65b1702bd82d4a,src/main/java,src/test/java
d5d5f36c531de0b8c00796d4d67b2fb885e66d50,src/main/java,src/test/java
5c8dfa1a96b78c63946a27438698b2d91f712617,src/main/java,src/test/java
9acf3597b1ad958da85e53d1180e38f6bd982e31,src/main/java,src/test/java
92c6dab416d9bbf1168e56818604da1c84db5796,src/main/java,src/test/java
b1d48019d1a19289d33325339c41ca3106d45a2d,src/main/java,src/test/java
c03a4c0298184e57b802008518bcdba600795bad,src/main/java,src/test/java
fac2312e7b7f9fc8b858d39ab3b8ae291cd79900,src/main/java,src/test/java
ec64e51f067ce95786f2bed700152b106476df33,src/main/java,src/test/java
e9e3679faadd3ea0ff7d63d3609a15407a1835c7,src/main/java,src/test/java
373864036b8a8598b3ee14f30fb82d01b65d9147,src/main/java,src/test/java
5b53fe87e75b1512ec5249f1957b502174fe830a,src/main/java,src/test/java
532b2c42f897d7658efcdd103dc9b9700cf7d4aa,src/main/java,src/test/java
1258614e4154a372f87a842182b799bfbf55fa9b,src/main/java,src/test/java
e4b990bdd0ec38639e7e20c969289bc73cb4abf1,src/main/java,src/test/java
e3a3beb7d074f8c5862e5d4fa663171f0062411d,src/main/java,src/test/java
d58d49dd23afc14b1b89b0f0389cfa623f1c7ce6,src/main/java,src/test/java
74d175a78401ad3978d0b33f9a0da81f146881ad,src/main/java,src/test/java
0c4f0ef00ae6a6d5744d8c53b4043c0e2f84b9eb,src/main/java,src/test/java
8ecf7f0fff993f52bec51f3ad527f7535df4269a,src/main/java,src/test/java
c1644feb20e996590167c6c7536b387bccdea632,src/main/java,src/test/java
e8ca4741939b7cad993c01c2e762becd48d35d29,src/main/java,src/test/java
fec297f3bcf39bf6b1314d38dc8d2e9c3c109ec5,src/main/java,src/test/java
f1f2460b77d5983cd067ccf2aa02c7310202794e,src/main/java,src/test/java
00e2bdc47ca1d1e4dfba917669d3855d0b8dd117,src/main/java,src/test/java
6f7d31e8981a0be40034ea1d6550bd0f59bd2489,src/main/java,src/test/java
ccb94019ee7772941399f7ebaa884b3cb1ee0d26,src/main/java,src/test/java
aa725e5e81b6744996aee0116f3e5f41f655714b,src/main/java,src/test/java
a82ee3156d99754a93ec3e48da2918382fa150af,src/main/java,src/test/java
65f39a5a9b24eecae1aaae3c204c5859e141ca09,src/main/java,src/test/java
946aa610733ebc1f76e6a7fff0d23a9aebf8b503,src/main/java,src/test/java
ee75b126fe6b469c7cb12ff1d50dc57d00967034,src/main/java,src/test/java
2b97edb88ea30342958d4b8e98119b2382cca2f0,src/main/java,src/test/java
59602f277e7da3ecfd1f2b7c97ba7a4fdfd11600,src/main/java,src/test/java
84d34938609ea71c5f1cbde2ce45a03370ceaa69,src/main/java,src/test/java
efc7576079dfbd54d985422ad323175dee4d0490,src/main/java,src/test/java
f2fb50fc67c3ff71d4aedb5dff5f12832fc64dbd,src/main/java,src/test/java
9fc4d57a8bf527c0e37e27f32f0617fe5a826f3e,src/main/java,src/test/java
95525fef6e70d40f47bd8d20fb3b33a8e4ecd9e0,src/main/java,src/test/java
4b86539ffa972a0663a35d7af4cc030ef239d09c,src/main/java,src/test/java
d5757c551ae5363552b4b43d1f0796ebddc72c49,src/main/java,src/test/java
3fa3a89e00b0e1c81bce2935d4551205acbbe56b,src/main/java,src/test/java
765a619aec81fa6c4fc43f37aa2dda23e62b8e20,src/main/java,src/test/java
f8c1cadd7609437d0eb931993211d3946bdcbedb,src/main/java,src/test/java
0533d8e49c29daf6fc012a9510a700f783265bec,src/main/java,src/test/java
a2fd8ddeae828de6a8918d8df72e534b150412b5,src/main/java,src/test/java
d3e4dc34c1b31f32d925d79cf16c4bfd835c40fe,src/main/java,src/test/java
77c556e542d40e427021bb183f0dd684956cc8bc,src/main/java,src/test/java
e2af859bceae954006249e6dc8a6357775829948,src/main/java,src/test/java
48de8e21335186227e9d5267e4f27a91d3f9bd03,src/main/java,src/test/java
9b16b1c57d85bf35ead870e6de433d7689ee54f7,src/main/java,src/test/java
f2ebfe1af2afa90709a9b8c5e4e32a45fb45b9c0,src/main/java,src/test/java
70b35c721b682953442afcb5d9cdabaaac20d440,src/main/java,src/test/java
697eb7bb65fc321d8c89465570e13b1aad6840cc,src/main/java,src/test/java
f1ec2e506c2d8e63268d675af6ee5b4652ed42f1,src/main/java,src/test/java
6620defe6bf6fade01d398b315cf6eefc7fc77de,src/main/java,src/test/java
1b38a03741a5b613a4bbf7f167c7d5d4d961c999,src/main/java,src/test/java
d01748e46fd967eeb6cda954aa27771044f2cb7c,src/main/java,src/test/java
dfe473b1070193bacf585c1ff9077626167ca2f3,src/main/java,src/test/java
44fe9c67ade87c0547e8feb0ecc93db74d35548a,src/main/java,src/test/java
69f828df6ff51f67ace9920ea6ec0785c3307390,src/main/java,src/test/java
342ca1e43c417c00f3ff11052edc60d4894b8935,src/main/java,src/test/java
38c4f603a49bf59253d230b106131603c06dd12b,src/main/java,src/test/java
4d2e720fd2ebc19efedd341b937d029b42149fcc,src/main/java,src/test/java
ab5d9586da0981f18bb772a3cdb6baf45e9715e7,src/main/java,src/test/java
11ac149fc1bc4b649210ca3f6c9e583fe3e9285c,src/main/java,src/test/java
85ed7d892b3ad45f12d56761a382634158d0498b,src/main/java,src/test/java
b0b2d756e95d8cf6c2cfd16d283c1113a248f4f0,src/main/java,src/test/java
11e0dd95e2bcdf6a372cee524f59f4f59d962f08,src/main/java,src/test/java
56f144e740557e05baeffb39501d69b5a96440dd,src/main/java,src/test/java
6d9a2d2f15047f1681d84591695e4bef4365ea64,src/main/java,src/test/java
71963887e722b6ea6e713d925f1712edcc671aaa,src/main/java,src/test/java
6e4a3c31f0da2926a758e515a59525e0caa0a452,src/main/java,src/test/java
8b3384c707a4ef501704bc58a11c830181511047,src/main/java,src/test/java
d4f7155aac0f9d7922c8691b65becdd5ea30b5f9,src/main/java,src/test/java
52a26ee8a4ec21e4d942ca6a48c52aa28c895bac,src/main/java,src/test/java
f2f1d957fb2070e4ad048e49ed55ed104d8bd2f1,src/main/java,src/test/java
14ccef759681592ab68a3fae4c23c5b81fcf350b,src/main/java,src/test/java
b858d688d8a0a0523949d197c14540056906ff31,src/main/java,src/test/java
6c077018694e5b4331fb336aabe3b2fb3d4246b4,src/main/java,src/test/java
f418a78df9a99d2605e4e75fef2734213c3237b1,src/main/java,src/test/java
d50c926734f6ec6b563ab54a28217564c4b96bf5,src/main/java,src/test/java
bb5e67307a3896e72a2da70f2969911987167703,src/main/java,src/test/java
165918cc00433520ee74cf84530c70e7fbcf934e,src/main/java,src/test/java
a9e3073f93d5195dcf58aa87656aea36627e38cb,src/main/java,src/test/java
223d2768de5f54749fd60f1e6287cca27889fb73,src/main/java,src/test/java
a087d33a4553606e10b22a8391ea0b29ae973f53,src/main/java,src/test/java
0fae87f7e114cc2e0ff7bd97159e890ed4b7a7e2,src/main/java,src/test/java
87394cac56bcebad50c636f917491ee0a0ad6e80,src/main/java,src/test/java
7397a1b36f559dde0bfbd4441b0308ceda975060,src/main/java,src/test/java
893c62fe75124f3f3acb3eb1c7c519fd39114211,src/main/java,src/test/java
3b5b336f91021b19be48aa8bf0596768798e0462,src/main/java,src/test/java
48dbb04d052edf9246c0f7613bfb7a7d78ab4536,src/main/java,src/test/java
ccc8ff742f3be1a9d7ed64b9da7d8851541f9819,src/main/java,src/test/java
c2b5a09da4398ab604211c32a9aaec5ef2af27d4,src/main/java,src/test/java
46395830f320a0bf9ee9dccbb5f05308139536d8,src/main/java,src/test/java
d723edd297fd4baae19e47654388393f8c6fbb82,src/main/java,src/test/java
5c1a80da423b8498e308edb5074dd43241023704,src/main/java,src/test/java
129d6bc3b04dcef56485e6adb7c6f41234308753,src/main/java,src/test/java
70030d55fb7c55fdc36652eb995e642aa36df9f6,src/main/java,src/test/java
f213bfc7e4a6813531e20cd747732ca3cd8f65ba,src/main/java,src/test/java
54d8e5f06533e993bff889b61f10968e77fb8998,src/main/java,src/test/java
e2ede0daced87dc2355f70f1c78cecdf7bd83d4b,src/main/java,src/test/java
cf69edf4ac77637217352cbc8a9a85c2c7ea8b36,src/main/java,src/test/java
c653f5168c7c93b53878f56e27c6ca87463733fd,src/main/java,src/test/java
94cef7d86b6dfcbed4e75e3c33dd842ff124697b,src/main/java,src/test/java
57b07fbc0df02adb4a3ddfb483c452a5ed03f25d,src/main/java,src/test/java
211bb5a4cee2573a5afcc8097e8a0466d14c8d32,src/main/java,src/test/java
ff02a1b137887523f1051b4bedf8f62579501f4f,src/main/java,src/test/java
80d43c78e12831a4cd28640ff541776539d56332,src/main/java,src/test/java
49ac5985b3f716fff0d60b7810983ef8acf9f1cc,src/main/java,src/test/java
bb9589efc657b0cdb8577406a23b09d19aed59d6,src/main/java,src/test/java
636fd0b9cb891df2e84dcd6a07e00a2788f3b2ec,src/main/java,src/test/java
3c38cfc4a3039e2a4b6dcd37b89394907fc15a66,src/main/java,src/test/java
83012666d8ebb15732775879ce85b3e9add9eb37,src/main/java,src/test/java
3c6b16b5df77201a003a37fa0f8cda812120ab44,src/main/java,src/test/java
8307d30edfd50ec93e2ed22b0c4abb4fdd1968e6,src/main/java,src/test/java
6cc7c93e845a2b2a0f53b576c2d55e0f19784c44,src/main/java,src/test/java
74131e5cdefd56383a31b2447402b6b72f2c4de0,src/main/java,src/test/java
678bbcbcf33343820e521733e36c4cca31411d15,src/main/java,src/test/java
a1ec07411c0828017aaacb3deb820939a3f36485,src/main/java,src/test/java
d16fe57b7ed73e1624d14874996739fc55f73499,src/main/java,src/test/java
dd7d3aa44047f51d6eda66da1c0a7e95435c9343,src/main/java,src/test/java
6b50b8f9d8c4b45c932c36d59bc2e1b444a3cc9a,src/main/java,src/test/java
db3f50c6b4dee8138d5f77e046460250a0f83e69,src/main/java,src/test/java
8c013e42984a7d02b504ae9189a4ece828470299,src/main/java,src/test/java
7badb767a0716f3ec2b2136a1c8b8798fed2ec62,src/main/java,src/test/java
f5946eeea421591cfd168ba9d569439900fb5a68,src/main/java,src/test/java
3505ed4f8d7e8b9da89b89984877d177a57eb8c2,src/main/java,src/test/java
278a15b60905ab2e7bc133f24dae02b78c5a00d6,src/main/java,src/test/java
2bfe01ec7c7ac020c1f120525b49d2dd380713c1,src/main/java,src/test/java
36e94414d76873c2f649011f8e5febe35dd1ca77,src/main/java,src/test/java
f1b1ebbc6f701d360bf18564bedf73e89e643c72,src/main/java,src/test/java
eddec3aae285f3647c011e3afaaeac5ea3927161,src/main/java,src/test/java
f6e5d535a79b72b7e5508b698431df2f8a977ed6,src/main/java,src/test/java
d1ee6d5433d2afee5467dbdb734513347f978c5d,src/main/java,src/test/java
ce4dd4d4564d85e47efb5f0690d3af33f1c24aa3,src/main/java,src/test/java
f1b020700fd53b3733c1fbe2892597fed773c49d,src/main/java,src/test/java
c408b2f6d6361f3c67bbb4b4456bd1702c8199d2,src/main/java,src/test/java
fdfcb7f3136d7f7ab5a04d7f740b01165c4ff38e,src/main/java,src/test/java
4f0bec2e86e83ae60e76d242917a0d97b7ca8898,src/main/java,src/test/java
63dae7ba84147991fe170b914cf1601e9d9edbb5,src/main/java,src/test/java
161f9920829f581b7c67e20ca80c3dfbba9836eb,src/main/java,src/test/java
792368b142a3f3db0486ef1c162657ebcb6516da,src/main/java,src/test/java
2aa8f9ed72f143b0e323ab9acc0c306469a9228a,src/main/java,src/test/java
131fad28c292c3a336411ead01fbf995c9433918,src/main/java,src/test/java
39c8082b8342841d38cc35de5af8cb7570ac691e,src/main/java,src/test/java
2c6f84d76d457037622c270e60e42e70fc9c2c9d,src/main/java,src/test/java
7742654657441023c5733b7be6d498750674f4ae,src/main/java,src/test/java
0934bffcbd56d8b9870e36c402db1abfed94410c,src/main/java,src/test/java
960b4a5290b37fdb4a6bffc4f6a4c4ebe0d71a3c,src/main/java,src/test/java
36569d2843ca296f94c3fdfb5540abdbf62e1c66,src/main/java,src/test/java
30dc77164465a34d62e1b8440ecec179e34868a4,src/main/java,src/test/java
4d7c1a1c9f8489ddab502c1ef4470890dbc9ce61,src/main/java,src/test/java
0e94dbf753def48349f810331d6eb8fc522d98b2,src/main/java,src/test/java
6c58666a1fa3044e624df5d26a5fe9d7f4dd305c,src/main/java,src/test/java
97c4ca32ea63ce3afcf10c10212a2b4d824f62b6,src/main/java,src/test/java
d8f77ba442fb5b929547ae4f4a106ce7ee2f3a24,src/main/java,src/test/java
ea97ec2f015a355ca1b3a52b852fe19003ab2504,src/main/java,src/test/java
f9730d60c71e84f5c057a7ba2ceebab76762dcbd,src/main/java,src/test/java
d532a58995fa2f031120941da4184ceb3e3af2a9,src/main/java,src/test/java
18ea07a6a4c6baad3f06bc1de7893a91dd29248f,src/main/java,src/test/java
5f653f61c9394e24b319aaeb1acafdda684237a2,src/main/java,src/test/java
0c986199d4f6e538f74e04ac750d9c6d1f2ed6ca,src/main/java,src/test/java
10135db77663be75986bb11659b22b82c1cc31b6,src/main/java,src/test/java
fd863e9afd8059a042ca0b0273d003190d086d9e,src/main/java,src/test/java
79853063ed07febdaa29573a721bf6b9014285a4,src/main/java,src/test/java
a60141d02eedba34c09c382b1743c307e3775909,src/main/java,src/test/java
fed0856e6db5bf65b78967869fd6fd6037fb2110,src/main/java,src/test/java
a3a663083bd61c0f1e20b5364f092e507d7009a8,src/main/java,src/test/java
901e33dbdf8d39692bae822056c4ff0245e3927d,src/main/java,src/test/java
ae0db8baeeddd4008079ada154d2bb45d3a746cd,src/main/java,src/test/java
bc6e530e1779b139b1ec1d64e701070bf9b08d3c,src/main/java,src/test/java
c997159f6af1f4a2c4f7cbff6e9e8b8b300e5be1,src/main/java,src/test/java
91b37e0c28f814b58f091348ab267ef833666bf4,src/main/java,src/test/java
4a1b38c2c7e8d85ea38d699f2cf390c8e4c2d6af,src/main/java,src/test/java
b632154e19ee540f6440849347f98402eaea6b43,src/main/java,src/test/java
7bef597fa7633767726675a7dbca20727b686549,src/main/java,src/test/java
587809ed9311a0305fabaad202a8d097d199e14d,src/main/java,src/test/java
b477b05912a8345f978188460fb93dc3054e277a,src/main/java,src/test/java
67c0dfc4173ae988cd524d3112dc35f7b8de32fd,src/main/java,src/test/java
9b3a1131e9847de21ecaf3325c42879238fb7e7f,src/main/java,src/test/java
118ad4e47b23b0d60247005792cc205283e6cdef,src/main/java,src/test/java
99d41fe743d183aea71c23c373f9913d5cd39db2,src/main/java,src/test/java
792f9704b59bec2215d62bb8a1a5ac6d7fa2a1c1,src/main/java,src/test/java
eb1207b9cca7a2930db736b177e3f816eb94d2dd,src/main/java,src/test/java
b9410e762119cf57a04c34ae18dcbc6af3ad4633,src/main/java,src/test/java
6aa89708d4ac0a33f623d44b9fb28f38b8780b62,src/main/java,src/test/java
5ce010ea659fa8b293ea0cecb6b9252928681579,src/main/java,src/test/java
1525dcf9886f8964b8fbaec4a55ac8a37751d6be,src/main/java,src/test/java
b60626ad66c072d704be91fdb3ab4301c22d8faf,src/main/java,src/test/java
a918efb418908027c337c4d821ed35e56271297a,src/main/java,src/test/java
a5497726b3f4cd84cc1ea783673307e498dbb77e,src/main/java,src/test/java
dbfff52743face39592c53bb5ab16119bddeab4a,src/main/java,src/test/java
efb398ea7079d21cccfc039c2ea17ae11a34bb70,src/main/java,src/test/java
8bdf0e6009bb76f9d7ffd82904bbc406c45ad7c3,src/main/java,src/test/java
db042c7f1e020e2edc8af8f3d0c82586dbeeb6e9,src/main/java,src/test/java
188141fe3670b9f5db95cfd1a78ae5e525cc2c54,src/main/java,src/test/java
caf2c4dac88e1cc552a459e8da84904d269342e3,src/main/java,src/test/java
4e9cb6b48fd3a19d0c04ffdb4079864f84a409dd,src/main/java,src/test/java
711c2020adff0ca9c2c2e16caf6a8a6fef1126cc,src/main/java,src/test/java
7a9f88258896366b290ad051c098510aa0d090d8,src/main/java,src/test/java
f7c8bb3b41580d52728689f39419726afa3481e9,src/main/java,src/test/java
cb4d1888f53b9eff784ee96ad68859636f29c7f7,src/main/java,src/test/java
d3cd7c970bd4a41dcf8119d2f897607e7e6361fc,src/main/java,src/test/java
fa600db3041f040b3db4ced999d3b43771335ca4,src/main/java,src/test/java
ce193c276ecc922d1ce4dd3983fdf794222d4d50,src/main/java,src/test/java
04368712958d17baa7b11722d748401d6da9b8f3,src/main/java,src/test/java
a169b46209087250dcbae5f484ee3d7a71afc75c,src/main/java,src/test/java
8d9841d703a2dfdd5e92e59fe376f2a1a817b661,src/main/java,src/test/java
eff08165e69df7c5c1f8c991c4dddbeeb199fa73,src/main/java,src/test/java
56286534bec03e70d3a3d48105ba88e16a1d7adb,src/main/java,src/test/java
a16f6d12a63830c7e3b15575212dbe3388daaddd,src/main/java,src/test/java
6eb100972ce9f4d69b2f8061e62f04a21aa180bc,src/main/java,src/test/java
eb7458f9d29dd3decd9ef52ea0b723c07dfb5f2e,src/main/java,src/test/java
611a58eb0bedf5a6187434ef55a2fd126b259603,src/main/java,src/test/java
b9bbd57d86cc31183bbead87e96d360241bfadd9,src/main/java,src/test/java
530b750039b3fa109abe80a18adddae881385747,src/main/java,src/test/java
e4878dfc97a33a885d8d787762da6ccf53b34cdb,src/main/java,src/test/java
17fbc99e9bee5321cceb5f31d61f0f9205d9ebc4,src/main/java,src/test/java
4e01204920d06ae18881ec4880bd55f4b5e8afa5,src/main/java,src/test/java
d923d298418b1c0c9bb70ba926843f78d5c1b9a1,src/main/java,src/test/java
3d4d28d81225ab1af48ba1bf8d2ba1b76101b1f6,src/main/java,src/test/java
94a22a9b824703a74c5ddf2e8d583c8f82b93455,src/main/java,src/test/java
bf41fc6b3aec0ce9b476bd55f2d02b90ff2994ee,src/main/java,src/test/java
40699bb9e378c68ea4c9e15aa59c13b3bd57e0c5,src/main/java,src/test/java
f64fc929ff7f731aeb2ca10105f43eb6c380561b,src/main/java,src/test/java
379cef94a631927168c68b58277bcd83eddc5f12,src/main/java,src/test/java
b778bc67088772db0130a68ac3207d2c9c621017,src/main/java,src/test/java
2b9ac920400548940c4ef173e24998594e04f6f0,src/main/java,src/test/java
6cb52d43b92ec7d79474cb611659b2424e430312,src/main/java,src/test/java
e9f407823626e0be86d46c6f2b4ae090e5d00f5b,src/main/java,src/test/java
3f2048ada8927b21daaccaacbb9e43551170cb3c,src/main/java,src/test/java
91d29d6369b4212597cc0d54a47eb0088afc6b6f,src/main/java,src/test/java
77db6a14099c67efee617aea6ba8596b847a45a7,src/main/java,src/test/java
d6a4c96f4518a3ad198d17aa04ef80ed1798f449,src/main/java,src/test/java
0f0f60837db4e5b3a43ab486b65f70dee32b120f,src/main/java,src/test/java
e8996f90e0461ab976ec9c624477fe0da45a79af,src/main/java,src/test/java
c3682480a9640ad87d2ddd1b8b1c8de1ca21a31b,src/main/java,src/test/java
a803f81c7e2f795a3c55b4d457ace44ed5546187,src/main/java,src/test/java
677767a8cf448e037f79929871786d7b74a46612,src/main/java,src/test/java
1953f1719f8855cc980099e9e889704ee43aa5f4,src/main/java,src/test/java
72142b1a7422683a275c4d8ad43489757be91641,src/main/java,src/test/java
af2352ecca97dedfe1a0ae4d3934bbaa208e6237,src/main/java,src/test/java
0545ebcdb23bfc6aa736f0a4b02ec07f9d76c069,src/main/java,src/test/java
1d9155376cc2805aae8331f939dd7784b17eee41,src/main/java,src/test/java
e3c8b09cdae84e8dd7d5e8f5504a0e8bece919ad,src/main/java,src/test/java
a11d5116b21d81552da196107d8cf53936a95483,src/main/java,src/test/java
28f170f530f3d45d52067bcce03c44d96b9421e3,src/main/java,src/test/java
a470322a1ee250f2dc98d559f68855829ac40704,src/main/java,src/test/java
3518c74eb5e31e93f2bab284588a0563ef60e2ae,src/main/java,src/test/java
65a22ac30968dbc0efdda8d0f6075add58c8d64f,src/main/java,src/test/java
08e26f0030b1263931b8b4d167c1418a8258142c,src/main/java,src/test/java
e57ff96b47ebfa7da384654ea26909ffbe33cbbc,src/main/java,src/test/java
6da447d3863ca51aff5b9b98b52bde6f53b7a5eb,src/main/java,src/test/java
97aea1429f6747103b33b700c3ce3ce0abfecb3f,src/main/java,src/test/java
209a0a4c4a270188d86d6f5a8342db5a9c6f38c0,src/main/java,src/test/java
41a207d8f6534f79c6eb68f3c4fd2c6682587637,src/main/java,src/test/java
c14e3226d4e9f34339dfe953965e13caf811ef4a,src/main/java,src/test/java
ad71604f87ca730a6f14a924ab8a45c03c46a73e,src/main/java,src/test/java
823951544ed5ad5d9fb6c568e4bc0239d302ea35,src/main/java,src/test/java
0f8eaa3ddbb6859f5f241faec02b0886352ab175,src/main/java,src/test/java
d8b2999e3bc63b9890a554650cba23575b994972,src/main/java,src/test/java
4f18cb64559711a88091012be9d9348e83a3b8b6,src/main/java,src/test/java
c9d8313a4fcde85a9fda9c44d40a7b4b823a3b51,src/main/java,src/test/java
5c22d752416d76b2fce80f366d9d6b07f0c0e68a,src/main/java,src/test/java
26e03ccb9aead0349e4e065e6666e4103bd89790,src/main/java,src/test/java
74b852467ef8a670a6d847de1a2ec763ead9cebc,src/main/java,src/test/java
3e291ff5eef52d55744d25dcb0107f3366fbddd5,src/main/java,src/test/java
29e4a3532c74bfc7fc0bc721fc0bf9a2bb367333,src/main/java,src/test/java
9d6364981a64894b0a03054092d51880f111d50b,src/main/java,src/test/java
6f5379f547098239019147eb816f2e38320abef0,src/main/java,src/test/java
dfc53aed5bd112807be1054c3afd4f5ce0620c43,src/main/java,src/test/java
6739eba46374f18db09ed413275f94742f79abb6,src/main/java,src/test/java
c41d1de66652b7afb245979357729746b161f22c,src/main/java,src/test/java
235463df184775e97957d903da842dd4f9e09005,src/main/java,src/test/java
326c3a572df9b2b617bc6990dc9cff489f1167bf,src/main/java,src/test/java
11dac1c0494654580743c5cc3caa27ccd43bfbd4,src/main/java,src/test/java
bfe95fb690b5eca1ca5606f2a5526518b62e4ebb,src/main/java,src/test/java
e86e84e1cf8626e24a9f24601ba806053c7a8607,src/main/java,src/test/java
04de60bd195d0811fe8ef1886e820acf048070de,src/main/java,src/test/java
551763e75951339fe1cea444f4d323f2347f08c4,src/main/java,src/test/java
d1aa0cf73dbf214ec0d67cf20889604998e4f69a,src/main/java,src/test/java
2c4996f1afe9731ab5c356f90cbb752ebc8db6e8,src/main/java,src/test/java
9fe43ea4f4be69f8d5e65994300f1a23ca1b7dca,src/main/java,src/test/java
392edabe141f43d2f90c570fc6e1e62fd81e7039,src/main/java,src/test/java
aac460ca0be00c4562e8864aa42aa25bda8bd529,src/main/java,src/test/java
96b81a2f29cc9750bddd0512dff1423f286109a8,src/main/java,src/test/java
e3b7d53c3069a61e9b33d0186f774dec10b607c4,src/main/java,src/test/java
06cd4905e2d41fec43e8db0a9c77b9fd4a7a0146,src/main/java,src/test/java
6cbf44b6afb5629ebfd0880b1bc05bfdb3471702,src/main/java,src/test/java
ae96555f9538aed84eac34fd9204760f9f674764,src/main/java,src/test/java
7b4c68c800fb11f52c10446dbb8a978bb7dd936e,src/main/java,src/test/java
8c7186af66667256a85eb6110d93d5a510ae61d8,src/main/java,src/test/java
2d92d9e65187a7de0ba65beaed2fa725a6c3aee5,src/main/java,src/test/java
c8dc78a6dd0df9c67cca1139c6ff6b1b0dbb499e,src/main/java,src/test/java
2db955d3ad9c30de45d954e0c64ef5fe9d25bea8,src/main/java,src/test/java
9e4e3ddb381ef256d08a988ec6423365065ef132,src/main/java,src/test/java
87f59ab667b47663d10bf467981da4379e99cf6a,src/main/java,src/test/java
f8e3ab938022a9ca5ff371a803413d4c42b1c070,src/main/java,src/test/java
8945c8b51c305a67c4d636687f877e40884b29ba,src/main/java,src/test/java
3e40ad5f4dc8df85e8d9c8d8bc411138e8525142,src/main/java,src/test/java
3eb456e79990d39d13ac4243e2b0893eb1cb1efa,src/main/java,src/test/java
31b3c38d609cdc83677cbcff2407e1270eb93544,src/main/java,src/test/java
d8cce87f1115f69db04e4d57165252a24843c4a6,src/main/java,src/test/java
b0738a2ceea7668016721fd49d1ea7c257fe8615,src/main/java,src/test/java
deba88f39179f1101326df5f9c0f6f37e58bab55,src/main/java,src/test/java
df70fbb7f2de7508849f18d658abb7c5d3017ca2,src/main/java,src/test/java
522efadf31f14918830a72b59cb1394d4581c521,src/main/java,src/test/java
ed4c65547f21694ccd693c21a270dbe057f21ad7,src/main/java,src/test/java
a73755e8847a37847893ee5986b4bbd24820cafe,src/main/java,src/test/java
4ba730a4c608f20e122dc7ea645c117da86b5423,src/main/java,src/test/java
72ee8d4c624261f8d8404ecace9856b891c521c7,src/main/java,src/test/java
6cd648178cf0471adfbaf1af893c011f4c535eb5,src/main/java,src/test/java
1b38763eafd68484a6eff712725f50125f9a7e26,src/main/java,src/test/java
7bfd3235e26c83d32082e3446aea382622d1aca5,src/main/java,src/test/java
3ffca81d1329a1323871df0964d9fd221d65b806,src/main/java,src/test/java
81642a1bcd60aedd9d1a63f45b0afcdc826efcb4,src/main/java,src/test/java
906c7a3a5924f8eddcb9389f31064238b6730f7e,src/main/java,src/test/java
db71586478f0ee3b8a364e3f9b7219c23e9767fb,src/main/java,src/test/java
523a9f8b148c2e6ace2e4932e4c07cf51d2cfcb3,src/main/java,src/test/java
fe970cefb00934438a4eeb3dea6d2ba7e0ba4bed,src/main/java,src/test/java
4b65c00ad3398b8ce62d1dabc808d8be1f9fa9fe,src/main/java,src/test/java
201213519a97af54cde5545eeb8a79511a89eaf7,src/main/java,src/test/java
5f15595e35d687ec0389405ba1f221bf638de880,src/main/java,src/test/java
b215f1090dfe42465faafe71abfba5769f293b60,src/main/java,src/test/java
9b90fa649051ad928034e06b7ecdf2a57486c238,src/main/java,src/test/java
de825bb9c686d30251bd5696f9e7a4815b8f3935,src/main/java,src/test/java
f3bd84d2e9b3d4753f625671d95f89cf09b3d428,src/main/java,src/test/java
bb8dd371149e8e95d1ee60e7fb97eb80663654a4,src/main/java,src/test/java
b58029f839e93c7d28574ff3cc06109dcd7e9965,src/main/java,src/test/java
cd71711511942752b00459d16d49af381a6c34ce,src/main/java,src/test/java
5330fe291982cce521ba0b52b1d1ffef88c9ea90,src/main/java,src/test/java
051ae1c728512bb711f63a84926570691958c94e,src/main/java,src/test/java
98f13f0b80f705a03487149bc19d2c4e8015a451,src/main/java,src/test/java
b6ab080815fbe74d678a4402d8d9f2eb9965dc8b,src/main/java,src/test/java
882ebdcd20cb10ad4c7cd7ec13c663f01fe02f43,src/main/java,src/test/java
5daa08943f340132a204b9b307d12e546912e976,src/main/java,src/test/java
c5facdee2b3162845a622b2738068e02ac5f4cec,src/main/java,src/test/java
7864c46d75caa4652013c6d723dd41e3b3a2981d,src/main/java,src/test/java
c6e6bf9946c5cc108d7aaeb06ead72eaea596d40,src/main/java,src/test/java
a15b6c92ac9c7fad0faea7d62a9c6a11f8fb2bc2,src/main/java,src/test/java
b05381027eb7189d8d15c45c4a6c1f7c40f3d79a,src/main/java,src/test/java
337e5a1e4118ae7a598b90b7929a1b2801083480,src/main/java,src/test/java
4167ac9e829975ddfdc9c59af01405f097f12ede,src/main/java,src/test/java
e86e76cc4db539ed2a8da782675d3d658b4ba7db,src/main/java,src/test/java
6f773443173ef564360260d6d6c5fc30b61bce74,src/main/java,src/test/java
f29fbc9e0ba6664105a3d8ead827d151183b03f1,src/main/java,src/test/java
45f70898f4275e6e90e279b745bbd2132c241823,src/main/java,src/test/java
59d1a9f34b63e1c67a2773a0251803477958c52b,src/main/java,src/test/java
83419615338aff4987047fb7b7f389c2937d1300,src/main/java,src/test/java
02fc561592398b43863040a3e603eaf7cc10dc75,src/main/java,src/test/java
93f1f9b2ffc23d43a7d25be270cafe21b0e0ba12,src/main/java,src/test/java
a6b2cf98e431f0815251d2e41a1e61a5e7d5e110,src/main/java,src/test/java
40b34e561c78b3b1dea86062376b69d0754fc14b,src/main/java,src/test/java
5a2463f8299d8fb93ae7bfd06890c3386ca7462a,src/main/java,src/test/java
d184edd2e8bb774a4e3f75ca442e29eeabbf9fa6,src/main/java,src/test/java
878a6308bb439a1944c736b6aa72cce4356abda6,src/main/java,src/test/java
d27eb86f4e15226ac4bde36e7063fb5ddaa70b98,src/main/java,src/test/java
dcd524fa528a9c196c0000567767d19bfa0f9a03,src/main/java,src/test/java
3d0665f5f5f73b6427df65bc0c011534e936bca7,src/main/java,src/test/java
ff4d905976ef7dfd909df87d80838e3f5c7a90e0,src/main/java,src/test/java
ea54620cb6a2572c8cd14b4423649129ba2cd821,src/main/java,src/test/java
b2756468c6f114824df5bcdc085cd40521bf109c,src/main/java,src/test/java
32e2b70e4d6091b276dd84a4a8c4af59dc4e818d,src/main/java,src/test/java
8ea1a13c7ff3f09a2a2b0fc4249144e9027b4fb6,src/main/java,src/test/java
feb35abb1dc3078722a91d5795bc9f703edd2671,src/main/java,src/test/java
bfffa8d4c0e2319b1c69095e30974c79ff743d02,src/main/java,src/test/java
116886bb8d58431d828a11acafca1bfdb73a575a,src/main/java,src/test/java
b545eab0e97f51c7bd67584c50f4b2ebf2939060,src/main/java,src/test/java
ba40c3c2623cd221fc79f722bf7fd72332a2df59,src/main/java,src/test/java
505091e503e4ed76a8a780a345392afecf95dc92,src/main/java,src/test/java
30ffe3356d907cb61dedb416cf11222104668337,src/main/java,src/test/java
2cb23c52a77ed378f31d180f07c579fef01a3ca2,src/main/java,src/test/java
1c959b3f6ed71d6cd3ab6b2efcda24d20bb73c4f,src/main/java,src/test/java
7777e7678268bb02f1e0f85c94c6c9c41184e7ca,src/main/java,src/test/java
cfb67449cef39b8e9ee9957ba183a8a448775db1,src/main/java,src/test/java
fb82bbff93708314f73c6073e5a7dc08681ffd08,src/main/java,src/test/java
0f5885a61b7e4d18484445eeb9a3d77e3fd31e8e,src/main/java,src/test/java
56e70042172839438caef8fbf4c069515453e1a2,src/main/java,src/test/java
320730af5f88ec1c6368cd015d3b82e24ed29749,src/main/java,src/test/java
70dc5875052f2091cae086cfa9cd81fdd537a9e3,src/main/java,src/test/java
32fa3df5b38e279111a7a6350e3a1bf6c6897a10,src/main/java,src/test/java
231aa444e76123ceace8fd4529647fbed7717349,src/main/java,src/test/java
8dfcf094188619831c08cbf1088e4edd86e0365f,src/main/java,src/test/java
b9f049e7469ec8ac8399c4a713bcda4450ebb02b,src/main/java,src/test/java
ab15bbeeb47b4ab6dbc5fa130f290e7ce90a7674,src/main/java,src/test/java
fd3db5d5c8d6249d9c26fba9fcfd6f45455be2de,src/main/java,src/test/java
dc3b6ac7837fd1f4604fe50804acaa09362b2442,src/main/java,src/test/java
1e37a1046ce8c3c662db42a69470725ae82914ea,src/main/java,src/test/java
1d489d0e3738a30bce368e0856189ab14555ae9e,src/main/java,src/test/java
a6f3f6289d835ee803ba9df6f14c9eefcb14725f,src/main/java,src/test/java
afa9430c51101ed42245ab6d36e908f2d4c291dc,src/main/java,src/test/java
b692119e707b374a7593fe9cab28b15957981e3f,src/main/java,src/test/java
93fa45f6f1aac31ce0d609c5c1f6d4ab48cfaa28,src/main/java,src/test/java
adb3d6606dd9947a8a8bbc58b517ca2e1ac0a13c,src/main/java,src/test/java
bddecf573d20dd8989677d0617caa18fe1f4fb09,src/main/java,src/test/java
cb87469064027473ccb9c47ffbbec85d54de46cb,src/main/java,src/test/java
24a68bc8aebc90f79e22b486bb145ae93db2ce93,src/main/java,src/test/java
e1dd957af8ba51fd7f6acc25435b7362effc7537,src/main/java,src/test/java
e9eb5a28b520a9a682157af30bf6418827bfdeda,src/main/java,src/test/java
a9c64b7903f3783517a3ff6401f8b44e7c2ac277,src/main/java,src/test/java
8a5e1498cb98206204ab9bdd56867ba40fff0bf4,src/main/java,src/test/java
bd74a7b97f8c6fa4debf766e534c4d4f07142f9c,src/main/java,src/test/java
aa57272383fa2de08a53a2a00fabaa279a3d5612,src/main/java,src/test/java
379a1bbbb1f86af77c70b0af32e244dc683d67dc,src/main/java,src/test/java
fb6a18392f3aebb5d12df5a4f4551267e590ddbd,src/main/java,src/test/java
22276554b0c981e33e1dad63454df67274fc185e,src/main/java,src/test/java
603d14db554f8ec181f0439fb187b10ca65e1382,src/main/java,src/test/java
244337ea57988114e0e68d387a29aa4824bb4b34,src/main/java,src/test/java
7f26edb83238b1ca0fffcae54cb0f17254727587,src/main/java,src/test/java
ab3a63a49065cbc405272ea62ce1694cc0f7b124,src/main/java,src/test/java
