0c1113784feb2a7f3eab7d5f9e768e5ad91e375a,src/main/java,src/test/java
1313844ec89701189a87ab629f2d7970bccc57a8,src/main/java,src/test/java
8e389707daa75c16ef6aa2112ba3ec9073bc02e8,src/main/java,src/test/java
47959bbd73b0aa022ebf32f442e7df6d59fa3ae0,src/main/java,src/test/java
99d436d485e493e5caece022e3f6f9b93e7cf953,src/main/java,src/test/java
6ab3cde463cf13f6a21719a0619f62b3fcd3d51d,src/main/java,src/test/java
664a0468c2da9ae52e1db5937b35d153f4eb9ef2,src/main/java,src/test/java
65100086a5a51b1ef767b67ac2bfff8b77b573d6,src/main/java,src/test/java
613238d9b1d39f19a10585cf01ddd086b4416a6b,src/main/java,src/test/java
04e2ceeffb4b54487e4c4a13d269f8142770fdef,src/main/java,src/test/java
5217a53bb2bd6569ab8fc23c0e70bc956bfcfc18,src/main/java,src/test/java
88f188da5f0d352518d8c1441bac1ee25befcad4,src/main/java,src/test/java
088fa83a9fc3dbedf4aa126bed01de79a73079f4,src/main/java,src/test/java
bcece7bd4d72f2f980abfd575e5b1afafba7af4c,src/main/java,src/test/java
