11b6535639da9c62ea873f4d88f97311e895342f,src/main/java,src/test/java
d7cc17b617d5fd6010f074324b6469eb54c78873,src/main/java,src/test/java
5540eb2ca119a95f537e0f5fd3cb84bd02f250b4,src/main/java,src/test/java
3bb63ca167fa8376e157cbcaf1e81857301b9501,src/main/java,src/test/java
103195b61da98bd51eddf400398882745f74309d,src/main/java,src/test/java
764c23ef9764b30a89bdcb3dc28ece2b1599b89f,src/main/java,src/test/java
19bd1b9603228d80f3a7df771ad00118794a0f2a,src/main/java,src/test/java
dde6838b79d425d29bfc4547bcfe5c56657e5073,src/main/java,src/test/java
90514f93d000c1517865f03daf01c8b1a3bf2e80,src/main/java,src/test/java
3e04ea182263d9c73b8a7f5b2e08060ca0d4d322,src/main/java,src/test/java
c1175059f0107c097f0360786ee04e355fdfbf49,src/main/java,src/test/java
7fa70d3179a2ce2ef12d0d2c5c7fea2bbf095eb4,src/main/java,src/test/java
62f487739cc2c4fdaa6ed15e302629d4f8d4a818,src/main/java,src/test/java
60aecd0d56708a8f9ab9e3fd5eef98427a475cf4,src/main/java,src/test/java
206e4885cf79b5d6f68bc83cc45ac5bebfb4a2a5,src/main/java,src/test/java
d186b1b4f21a887f39081064b519a55aa49bf55f,src/main/java,src/test/java
ec7359a84a463c72ac6b25d5fe5d02cf00dffc46,src/main/java,src/test/java
bd0f568d88f51ad1d735cb4cc04c21624a24a72b,src/main/java,src/test/java
287be8863c397debbd82d12242d8c993d8591a3c,src/main/java,src/test/java
8c8d04357ff3c7ff92b0e935d2d773e31c821488,src/main/java,src/test/java
b92214b92480ab8cf98ff335aec4065ea4ed57b6,src/main/java,src/test/java
688af23ee758f2b709d9255165da6eec1697220e,src/main/java,src/test/java
c16396d46b7df4abe6ce9492aee2d03cc27a8da2,src/main/java,src/test/java
452889f24f71c11e9e98b5a3c863ae30e868acda,src/main/java,src/test/java
4ceb8464dec4df96f49b329e48b29a9f70fdda5d,src/main/java,src/test/java
e39c3dbbf94f30969c148b614062fa3a2a16c19d,src/main/java,src/test/java
e3378d2b89b30d3f918e7609decef207f47d4990,src/main/java,src/test/java
f52731360d9f471ac4e76fe472d2075a955d6faf,src/main/java,src/test/java
95fa048ad447bce2d2bb5477c2a2076ebabd6764,src/main/java,src/test/java
ba7d3946ff4fad7df6b67d07d037b41b186af779,src/main/java,src/test/java
a19e7e16135814fdcb77fea176356b88abc68478,src/main/java,src/test/java
3ab7c8e28f761e0f7a90e4f7e419280c14f17448,src/main/java,src/test/java
55b3a6730dd1e1ad7f17ad45bc5e899ad8e12e04,src/main/java,src/test/java
6f7fb92f9c5fb0b648f755cc070f76c4acffd551,src/main/java,src/test/java
1122bde413837f7351c128acdfbebafaec0ecca4,src/main/java,src/test/java
9764ec5cbf5861e56846ca574491301734f8d5de,src/main/java,src/test/java
b7868f34915f80157468d9aa48b266e874b94cbb,src/main/java,src/test/java
da9db358c8db646f6fda8a506b9a95a0176c9b90,src/main/java,src/test/java
99028e3f240b7febc7c5ac056298f4c9a7ecef36,src/main/java,src/test/java
d9d1db3681b183aaa21b687cf21f442955cd9e04,src/main/java,src/test/java
3b1711cc0177e2bb7806b8bcc3dab2e3d369356d,src/main/java,src/test/java
3d6d6631b50b92d864f07068cb1566f8e4bec9ab,src/main/java,src/test/java
c68b15e6d8c1557d8b1c8efc0660cfab4164d9ef,src/main/java,src/test/java
c3c0846210b3c64365c82ad5ab6129c808fd10f5,src/main/java,src/test/java
face81d14a87a7901f8fe2bd2ed709c28baa1d47,src/main/java,src/test/java
cf438cea428f3fdcae890be20f445645aa68ad21,src/main/java,src/test/java
40c9d52f5389ff78b6b3805d660bc614cfc44e97,src/main/java,src/test/java
fcecf1422121859139d97bbd340bad6406716a5e,src/main/java,src/test/java
94b3bcbc196cb74566d5099d514c37140db5e78e,src/main/java,src/test/java
03bce0faf491e5fa3877d7ec2b38a1ac39c4b9de,src/main/java,src/test/java
7ea0ee76a0002e94227f982edc3e8e3869c10afc,src/main/java,src/test/java
a5119e47af6d24484d234e930c7799f29b669b19,src/main/java,src/test/java
aea2cf2e0eefc2c260452e8ee20d68474533e1c3,src/main/java,src/test/java
f38c4d8457414d419af3f4478a3a9b59145acdf4,src/main/java,src/test/java
2143e9554d1aa61833d35a84ac52e08ee33b3364,src/main/java,src/test/java
938f6dca974703f330fef32f05c63674712d76b0,src/main/java,src/test/java
7f608c0157b17138a46c33ba533dfb8e47dfffba,src/main/java,src/test/java
77839e0120de3662f12c8bddc364d733bfa048f8,src/main/java,src/test/java
d6c5c5e70d723163b6b604ae3a91858d01289295,src/main/java,src/test/java
8e81090a02d8557142a9537b3d8f7cb271b55b91,src/main/java,src/test/java
1039c2bd7c28f6501d4bb976400b12624b1d4ebe,src/main/java,src/test/java
6161b574bf1b0f2d518f990af5cf003f90db58fe,src/main/java,src/test/java
e259e697f0ed3496470b212987d040e0230ecbf2,src/main/java,src/test/java
db5e68ea994177f8aeaae19790add89234074ae6,src/main/java,src/test/java
f0d4395d93e4f7bf5ecfc0c85a6a08e10a5184e5,src/main/java,src/test/java
7dd6ba2a7c2937413a85993ea81a6381fb8659a3,src/main/java,src/test/java
351f4a908ee7c01a2a381c9eaa59121df315e3ee,src/main/java,src/test/java
ca85ef73c69077f7f059c9538f4dd52f561ccf21,src/main/java,src/test/java
1cf033c9750a59578a15a8294c9081a901f2d9e1,src/main/java,src/test/java
1dacfaea50f8af04d2fb95d82ed4ace73b3caf21,src/main/java,src/test/java
1c42b7850a1b575b9a06e79e636ff9a5b70ce064,src/main/java,src/test/java
8c6f34f495f322378617c6e02a0d4f1a86e1bd55,src/main/java,src/test/java
622cd8997175fc3e9ff8895968ecdebb1c3ba051,src/main/java,src/test/java
cb57d39c1186a64fed963faf252ec3c1c8f939c2,src/main/java,src/test/java
09cfc19b856ccaaefcec636cc654ba3236f4b0b8,src/main/java,src/test/java
879f64bf32322183bdcb272f0086b8408e39cc49,src/main/java,src/test/java
e467a21fd9cfee2de8e1cb9d57780797e8c3143b,src/main/java,src/test/java
af14c7da87796c8975e92fb2cbf38efbea2c9a8c,src/main/java,src/test/java
3aab0ff566d8520ad52ed21e6ed8cbd39d1cdfa1,src/main/java,src/test/java
4ab26e7391141d811fcbcacc2cb3ac3e01e63f86,src/main/java,src/test/java
f352ae8fffb7cb7f9fbc6d374fd31ec24a331e8c,src/main/java,src/test/java
e005c43d4fb9324b8f001e18201d91cb26fbcc7d,src/main/java,src/test/java
32e0c4a81c55c65f854ffc6f41ddb3644a114432,src/main/java,src/test/java
1b7c1071fe82f95a5ee315872fe797a68c4c9fb5,src/main/java,src/test/java
0247c63f15ef34d3313a5539ef4cbed844fe686d,src/main/java,src/test/java
a1a44d3824a6c8eb4e3f49a41c751613df096619,src/main/java,src/test/java
740fb6b164a2ab3285b19a7eb213ed4d3e589e79,src/main/java,src/test/java
5e7d262e30b2590ab77bc6ab9136d600e2a705e8,src/main/java,src/test/java
aeaf879e6c7764718963a5f5ccdae6e37e28d98a,src/main/java,src/test/java
623fde34955e788d3b4217985393a929f1c5570f,src/main/java,src/test/java
aea96132fbeac5e92283331044265be14212bfe1,src/main/java,src/test/java
00ddefa8da830c3f3706621ba2772c198b595d5a,src/main/java,src/test/java
7292805a7509d5207dac432397c50940e587593f,src/main/java,src/test/java
516d0e9fed9d5ecd34173f4d9739989e5d3add9b,src/main/java,src/test/java
6ff2b8697c4b0e66f71d88c561ef3e2481708ef1,src/main/java,src/test/java
6fe6dd89ed25048d37f80121ce896911f609cdd0,src/main/java,src/test/java
3efc0ba146550bdd07ad0bc80b53733bfb889a87,src/main/java,src/test/java
63b14a386b2c1a26e412679efb1a25d0bbecabd7,src/main/java,src/test/java
d46513cd55a4dbe485dd14f1e5db5033450d78b0,src/main/java,src/test/java
b0d8fc6a4006ebb2928c7b727580bfe9edbfb8cf,src/main/java,src/test/java
5118830b7cc121e8d50773386da93ee9494c31ee,src/main/java,src/test/java
76182b2665f065d0e4a3acc02bdd08b4f6d65030,src/main/java,src/test/java
679cc0911caf317292915eba577ce58ff165f335,src/main/java,src/test/java
5d559660def8c449dd5a3c2413f098b397f050a8,src/main/java,src/test/java
9231a02e512872f7595ab199bf5a0c93a00475c0,src/main/java,src/test/java
54f95112f52c7f4111fc8b8bfc07a76301627983,src/main/java,src/test/java
da952416783a131a7c803e49e61f23f1e7a69129,src/main/java,src/test/java
2474581cbd3e964fc01295aead287fb4d965de19,src/main/java,src/test/java
3fd33cf7d19b80265b7de3cfa8b740dc7fab6170,src/main/java,src/test/java
9a79a2f77e0d309dbb3023aeb00c949635969b5e,src/main/java,src/test/java
c3a28023d18b86463b7e413f92e96244f8aecfdf,src/main/java,src/test/java
4d8f66d0f56ab86667ea85aad33b19a151b25bd8,src/main/java,src/test/java
731c15b03b2c063cdf32e3ee0b6a0544b8221b18,src/main/java,src/test/java
a412f2fad962ac63a1a384caf989aae69a0070ef,src/main/java,src/test/java
c121ff318f96ab2d0bb6f657e1832cd281632ef4,src/main/java,src/test/java
54da2293104308256ce65949dfa305c35a886b14,src/main/java,src/test/java
a24f516d1e40ffbbb561643b2216bb8bc2ac0706,src/main/java,src/test/java
8bc05b109c997e4a670224d541828476e76bd873,src/main/java,src/test/java
857b62434cc0a965e3e76b9be5612d6b9c18de76,src/main/java,src/test/java
b86c612e209831ae02d80260d12be3fe3499a6d7,src/main/java,src/test/java
c0bed05f139f8bbf5c4357e0a909f692c756f4e6,src/main/java,src/test/java
60a85a90c55a2f38663bbbf4cf133fe16ef5730c,src/main/java,src/test/java
a7b554721545258a731a446a7b334dfd8c27ffb4,src/main/java,src/test/java
11d6fbd95c4d89e6502d32217168437e0b899ae9,src/main/java,src/test/java
cfccaf467f1c778f4e90d697c5d6bbcc4bdb9ca5,src/main/java,src/test/java
42087b9de7fd044853fc476e562c0274a1638157,src/main/java,src/test/java
f4e4fc542951b1c27b76ffd857d6d8973eb3f68d,src/main/java,src/test/java
d0dc78ed7bf8e69fa51e87ad42225b2ef3ceab6d,src/main/java,src/test/java
f1548a438eff04ae318e547dbc868e170bde13b1,src/main/java,src/test/java
54cbe6baa831144c2827297f3e8f37e0622bff7c,src/main/java,src/test/java
676f30246c90647585b42d155c232bb98c387655,src/main/java,src/test/java
b93c13c466251364a4fee9ac39896789f324e9a6,src/main/java,src/test/java
fb9ab33a4943741ad165de2036128946d17e58b2,src/main/java,src/test/java
ffbc2070ecd7dc6893a48330aae0db5942c75cd9,src/main/java,src/test/java
da0f08da7d8e9458ed10fe06372c8b15eb5e13a0,src/main/java,src/test/java
a09a002db5e694de96aff8152e4282bfe0aad66e,src/main/java,src/test/java
02e13853deb1643284d027210d2605beca13bf75,src/main/java,src/test/java
2ce48afb10221b60957985dda8930efd618e1f1f,src/main/java,src/test/java
9b25f2f5e955794ae2b51f777c0dd43e487cff0d,src/main/java,src/test/java
de88871a6d178007cfa2633b3ce3d13678fa2245,src/main/java,src/test/java
e074d9a25af4c4b676ac6a3f8e41b61f18e0a736,src/main/java,src/test/java
ba9166c1e533222e53f872ca302a6356a47f7ca8,src/main/java,src/test/java
d41cbf92b2b6c994405628920470744bdb8e9661,src/main/java,src/test/java
570ad5aa38870af20d0193fae551808915ef8b4d,src/main/java,src/test/java
ed25a5379923b928d442d1ac38dcecac952eb6ed,src/main/java,src/test/java
5e5c700e77b984a1e514138ceb5904ad28894ca0,src/main/java,src/test/java
be810318f385fff6ed127d7bdd6c81730fbe0855,src/main/java,src/test/java
225b3e490101fd11b65c243d9ea196a0828a849f,src/main/java,src/test/java
2eacc3e07095d21a7d8aaef18164aa8aad19ee45,src/main/java,src/test/java
7c23e21faec5b3746e889cc4af6f81165c3f5f22,src/main/java,src/test/java
7803494afc1b50953fadcb4e67505e5408be877f,src/main/java,src/test/java
bebcaba65ef3737fa12af54892268b037f4cbced,src/main/java,src/test/java
a0b41e5ceeaea3210deb57ead04067612a612f3e,src/main/java,src/test/java
0ab2633250122a367d6a55ef4700bdc58e39537c,src/main/java,src/test/java
e0126eb8a809ef0a4f28434fac13248480e0d4d7,src/main/java,src/test/java
531792820b66747fcdde13631e4d3391c1d4e0fc,src/main/java,src/test/java
c6d2b0aaac0cbcae98e69bd59ed2144194f48f87,src/main/java,src/test/java
69273f2770e64bf264ed2f2c2c636efe26b71552,src/main/java,src/test/java
a9da9b93f2029c14bc1b63d85260b07af5092352,src/main/java,src/test/java
a7f8dec18c1ade45e2ab25935f1b4892686bb049,src/main/java,src/test/java
b2d7596a47565c14a957f78d209f41d856eddb18,src/main/java,src/test/java
a4ed5250ee6af62917a9f485aebb83d06e7d3497,src/main/java,src/test/java
e578cb5eb973b4230f96d441e197b605add30fea,src/main/java,src/test/java
af7cb375f2acd80d84335d5296b4ab4116b9163d,src/main/java,src/test/java
a729b8c78a2dd52e15098e9d1afd0e130d87c9af,src/main/java,src/test/java
078f5caeae5459b6e7e0a851f5932756594ec16c,src/main/java,src/test/java
96cb36e599c091b25084f20902a7c7eff9730857,src/main/java,src/test/java
c94a9e12071f4f60b85d93d399cc024b41377688,src/main/java,src/test/java
e0ce0f026009524796000e47ff513086a1c3e523,src/main/java,src/test/java
2cd12111b7bc9fe80f6532809144f1a439c08a77,src/main/java,src/test/java
246e405d480f0483abf29a100bd498bab03c5fad,src/main/java,src/test/java
e53a04a9939a5548cc328ac5756bae4f624cfc9c,src/main/java,src/test/java
0ea8e5677dc9a8e7fb50f90f505624e91c148446,src/main/java,src/test/java
067f51759bf2e3cd060ad8f8c1b5a585d8ad39d7,src/main/java,src/test/java
4ab30a78ca0100996830edd52b02ad3a37f15241,src/main/java,src/test/java
12748154bc8ec37cad837dedd9c19184f6057091,src/main/java,src/test/java
3180fe084745dae0d0ca7ccf28ef585eb484149c,src/main/java,src/test/java
9a062450cf5e8f80e41ab7e2006cf0f502add78d,src/main/java,src/test/java
1745e45f2b42452e06cbe752462ad98b59faddb4,src/main/java,src/test/java
73bc2f4a44636e4c345cfe7dfb26d0e59d8ee05b,src/main/java,src/test/java
a38f2abcd8e16a0a6a26946d51699b03ff2ae722,src/main/java,src/test/java
9193a7de71b2814565d39232666ded05fa11d990,src/main/java,src/test/java
6d4fff188a70148945814f747909b37d908ee692,src/main/java,src/test/java
e44853484e2fc756826ba6784445608153f64983,src/main/java,src/test/java
2b896ba37c1f4fdef7f1e36d9255161a4ddb4c50,src/main/java,src/test/java
97bc338fe909d5f91b7fcc454604dbb9c27e95fc,src/main/java,src/test/java
eb569406907ce14827b6aa6c0ae6e064bcd01d1f,src/main/java,src/test/java
66c0f39112c7cf75b994a20db6e982b832bca638,src/main/java,src/test/java
d5219a307c596987a561670e61e8b0d1539ca4ba,src/main/java,src/test/java
725da3ec49a3fc535dd9dad781e176ab7d099896,src/main/java,src/test/java
29ca7e7940721924b3020579c7413797871a2c96,src/main/java,src/test/java
cbcf7f1cbcd1b8ede2d2fbc9c3324afdda1fd5a3,src/main/java,src/test/java
b60e32d4c0a7d5598869c76caddda3083a9b858b,src/main/java,src/test/java
a4ed29fb7ed8196b48aa1af61217dfbc741b3898,src/main/java,src/test/java
309009c7eecc1a497ed29cba208c7437b7cba4b4,src/main/java,src/test/java
0a29715ec020305c44ae36c191e765c9a239fe0d,src/main/java,src/test/java
1e3c4c75746ff163efcb1b18b808b9383bbdb885,src/main/java,src/test/java
c0dc1666a471af6a2dfdc6388bab49275aedfaec,src/main/java,src/test/java
23a065c36099ae20a70b54d2e6cb854d79eb7972,src/main/java,src/test/java
f1ea96656c68e261d81d2c60e627916a1125d1f4,src/main/java,src/test/java
fcac2e0aaceaa85dcc557a8705dadb1d956b5337,src/main/java,src/test/java
d59021ad082978e60062e81bc356834912968d04,src/main/java,src/test/java
b0e4644cffe0e33e594ea469d7727e8749303f50,src/main/java,src/test/java
36b49041b0e1c28bc3172964f010c51505395eb3,src/main/java,src/test/java
902b23455ed793b3e185fa598d0b7218e4f9a311,src/main/java,src/test/java
53bd631cb2b0fa2150776a16eeacc6ddf5080fde,src/main/java,src/test/java
bcf4b6e430ac12a7dd494f3ad1686a7ee995828a,src/main/java,src/test/java
0b862d20780c2d395e99aa279e9b095c64a5eae2,src/main/java,src/test/java
c02bb951187532440b7972aeef57dbc0536bac18,src/main/java,src/test/java
7cf0bd0df5d21e9f81cb549f90856800a0e343e2,src/main/java,src/test/java
e96983aa602bb3ecc57860cbd3b9dd14b79bc325,src/main/java,src/test/java
29f7b0a5ab83462e3d84cba772a33b548f1b474e,src/main/java,src/test/java
dec61c00158c44ef8c6705f968d22efec92c9253,src/main/java,src/test/java
d4ef22a507b59e4387e0e9a3ef20a6f7dd5d7b16,src/main/java,src/test/java
556d262cea586d482cc66ad5ba9a01f7c19f7869,src/main/java,src/test/java
c391be849b52347b6640ec779c0f0c033ca755a5,src/main/java,src/test/java
4ad90acbe1acb6d17aa0c1056120373040d6145e,src/main/java,src/test/java
7bf96c0233b03a0244d0eff64b09f7c889c9941e,src/main/java,src/test/java
23d2430692f4d4c5fde108cc30651bb4f24d95e0,src/main/java,src/test/java
2390a371a24e9a53ddc16025049f33a4d5979506,src/main/java,src/test/java
53cfd5e08ee713df4c4a798c52106eddd1588e3c,src/main/java,src/test/java
91a53a4abcf65de91d7d0f2943df9df1d6532197,src/main/java,src/test/java
44046624656e68d994da5ba97962cc35878592d8,src/main/java,src/test/java
3a9f97708ee5b5328e05133acd44f93992ce89e7,src/main/java,src/test/java
3582dda1149b8bd3e4503862bb7b70df3f1cfe42,src/main/java,src/test/java
4f454e478da2941fc3f9af59e2db8f0c50679160,src/main/java,src/test/java
6b1e0151679f9e1388209bd746f0187475633f56,src/main/java,src/test/java
2f5a3237200566c049cd4cead01f403879a04f4b,src/main/java,src/test/java
5694d51c17ff27343602387d0751fa58a1eba59e,src/main/java,src/test/java
d59a25fbe1537683f11c6d0f5ff1ada6897ab588,src/main/java,src/test/java
f6300817d39c0f33ce1f872e18e732cc4b4df43f,src/main/java,src/test/java
a7d6f1bff99049a7e64fc2c877a14482044ea8f9,src/main/java,src/test/java
f028738d56b62bd71baaf6a066b46e4162657fc7,src/main/java,src/test/java
74dbece608c84c360bd0e90e05d06503c1d81fd7,src/main/java,src/test/java
05ee4502358a97345ef652e19ce5c08c9f4308a1,src/main/java,src/test/java
81ed9888200d400fdb4af660bfe78e3d2e5f05ff,src/main/java,src/test/java
b28968ab17fa8cedda2df7230cf5731f25e98aeb,src/main/java,src/test/java
13894f5b08d37a0400927b2fb64b2848415d83de,src/main/java,src/test/java
c5a75b558e8bda023ee9607b9853374a11b82d2e,src/main/java,src/test/java
0c6defbf81bfa32c569e0b2e78a04a7cf03393f7,src/main/java,src/test/java
a8245fa85261aa6a8423fabd733735a85e64b69b,src/main/java,src/test/java
8933ad8d58084ac690bdc10e7074edefffc2ca76,src/main/java,src/test/java
da8f684647550108587beed2060838aff62175e3,src/main/java,src/test/java
2eaf68a4d1a0aabfc016fc48fe5648bc95f5c2d5,src/main/java,src/test/java
65542f928d2256d5c788aada808e1ae6bcda2f14,src/main/java,src/test/java
faee9255061551658051c35eef9c914b1a4216d5,src/main/java,src/test/java
96cbbbd1b911717788507b426e489013608609fd,src/main/java,src/test/java
c0496be94f85123589bb67324fb14efc45895516,src/main/java,src/test/java
842a6973573b3aedcc90bb87c2642b617e7c3bfa,src/main/java,src/test/java
c789cb9c88a6217217a3e4b849b8bc54757882b1,src/main/java,src/test/java
41ac511ff07287e10ac907cc90c36764efff5e37,src/main/java,src/test/java
4d62717abf9154e264735b486790fc5ff8d73717,src/main/java,src/test/java
947871aac29fe61d84d69fb8cc6ed9ac8fd7235d,src/main/java,src/test/java
e93e4e920c91d7fe5b3061443cb2fd36e5370def,src/main/java,src/test/java
cf28691fc3b84d89b41609838439789df36b2701,src/main/java,src/test/java
2a1e2f9ed1aa3038cca51bdab1c7a950a36ee6c2,src/main/java,src/test/java
aec541c078191910bdb2782726c70d9753c2bbf1,src/main/java,src/test/java
a361cec6cdfed4d56872d870ffa50958c8ef4121,src/main/java,src/test/java
fd69676291dddae6768246754ece7b398a609d23,src/main/java,src/test/java
6a24ef9c034317c6b55564a6fce47900f2e4a0f4,src/main/java,src/test/java
82c6c19dd7baad5fc52d76d6e80d242491d0c03c,src/main/java,src/test/java
71606cd8d5e66026c92e0a8c13ab5afa8ca4083c,src/main/java,src/test/java
bfe662fb0016a42b7d3a98dd0b3b332aecf94598,src/main/java,src/test/java
b51f0ab9ae4d7ae5262f577d7844a6dad4e35ea5,src/main/java,src/test/java
58af285ece1c5bd8a2446bce2e652a7e3dfa942e,src/main/java,src/test/java
a7b63556220870f73246cee878476dea013ec4e4,src/main/java,src/test/java
9c1d5e3f86b9f3da019392b554f613abd2578dc5,src/main/java,src/test/java
ddc9a0f56457a5aeee440dbca48533792d7f56e7,src/main/java,src/test/java
bf70dd71961bff2b02778508a94843518d754709,src/main/java,src/test/java
43327f50c3fb3b270c02e6c6ccf8b65204540c63,src/main/java,src/test/java
7b1ea7708b926518ffa7767cf0bde31169a40416,src/main/java,src/test/java
4119bff2b28de98ac25bb6f2cde6d646044893c0,src/main/java,src/test/java
fb39814f4c85558e6c24c9b16e618ed07428c1b1,src/main/java,src/test/java
af083b6043d0e9a8bf7f309af412da3e96967b90,src/main/java,src/test/java
82d36af38efab4837095f76c199be44eebe503b7,src/main/java,src/test/java
1c5eef22ba829a04c5ef491e452bf6c11369a711,src/main/java,src/test/java
dd6211a589129f94b3570fd73af0557c972c201e,src/main/java,src/test/java
a2798c93b27da988add1410033ee2d07216f2614,src/main/java,src/test/java
80cdf3c3ec48c09f256fc915c54bbb5dd3ea212b,src/main/java,src/test/java
7f9a46b4d57d233aeacc5942baba9e3cacb3967c,src/main/java,src/test/java
4371ea0fefc428c5522fd6816eca5c78104bf250,src/main/java,src/test/java
b29c4562713f9d6d7677bf9c033e58c687c4609f,src/main/java,src/test/java
c3c28573ff71cb437326736702e178c6d9a0c1ab,src/main/java,src/test/java
78934ae1b66604411d9f20b6e80e12f22431d314,src/main/java,src/test/java
61a6b58ef568dca0b6c29bb26ce548cbcfaa8cb3,src/main/java,src/test/java
9cef134d802594c936a684c11690adfe370ffd8d,src/main/java,src/test/java
5da37992fccf91e855d8ee1d68378f4e40bf35d3,src/main/java,src/test/java
4fe8ab3ad87d90dba59673d96e3f15205dff3e8c,src/main/java,src/test/java
9aed6cb5c74b880c674503ba6fdc4dc1dc3170ae,src/main/java,src/test/java
6ea94c9f6ef6808c676233c38831faac952dc9e5,src/main/java,src/test/java
0f459654aeeec51f4a45e90dd49e5b37121fd62a,src/main/java,src/test/java
b51184ec2560ab1a8773de4bedcf333c4ca145d8,src/main/java,src/test/java
fa47b102ab8cb52b3ca9ad46d996444b35320e63,src/main/java,src/test/java
7659a66ca008316f532d998e3fbbf5e7e962f699,src/main/java,src/test/java
090911fc702fe1b51127816ab6f499390edfc168,src/main/java,src/test/java
b0fd91370f12032b323859c1e44b6be479fc0832,src/main/java,src/test/java
f32a07dfcec2465f1b57312e72146791d3896aa5,src/main/java,src/test/java
6bb9f1053893d45f2648fd7c4c582cd5ed3ba22f,src/main/java,src/test/java
12989319b625d8defea26d40867bf190f1af4de0,src/main/java,src/test/java
62c5c937a9f39870d8e7e8b7f1e9b074f737c184,src/main/java,src/test/java
dfd97b669df33c6acc3679d475fa66a3d87e9c40,src/main/java,src/test/java
a5123b4d7f9ebda5c0dd7238a8fc5ede7bb5993c,src/main/java,src/test/java
bda1fab6a6da74d7161b1b13078e6f1efc5c2d0c,src/main/java,src/test/java
44bfbefe6510c1288d1bc490d47337e1e6df8550,src/main/java,src/test/java
4fcd981fd814f44fd5b73d399767687869743185,src/main/java,src/test/java
e5669ec44bc6980972b19adb37c8e47ef0826dc8,src/main/java,src/test/java
c6495d3838a57c083ab841cbc910ccab3abca5bc,src/main/java,src/test/java
2fad51ebdadb044d7823f21d974c5890d2295755,src/main/java,src/test/java
0d28ab556e0503efe003eb9c17c10690ae6d7d75,src/main/java,src/test/java
daa6920ca69e881d4f5e906bc8a46c95deef63c7,src/main/java,src/test/java
07694c6a25db7d5cde3522c9d9064ce45059a91d,src/main/java,src/test/java
4a4518d324bebc1faaba0f3972e46a25138ecb49,src/main/java,src/test/java
6d2a336fb2a10e230bbebbb0cb77f45163324cdd,src/main/java,src/test/java
9737a662017203923ce60381ded7ac1c8c45efb2,src/main/java,src/test/java
367dcae1a6ba9d02ffb87aa31051f747cae5db88,src/main/java,src/test/java
fcf817b29446292fa0e7e29ac54c40bd75c32de7,src/main/java,src/test/java
627953116caf5770cea4a6475f8a6b21bee10670,src/main/java,src/test/java
fa269ca8bc6443a0ac3e8433ce18c655d8d96006,src/main/java,src/test/java
66f1781ba526691822c91d35f5972d4e4d45ab8a,src/main/java,src/test/java
83ea65628e6a9d3efea044e410eae65e452f07b4,src/main/java,src/test/java
293f77cb211abbd78bf026ea1334fd0c6afc125e,src/main/java,src/test/java
6ba58c98ad7bbb3ee7f547982c4c35b1ee04296c,src/main/java,src/test/java
39660bb3a1cc1494c9d01228485946c6df6a92b0,src/main/java,src/test/java
20e60a4946cf9e16cde2f1cf654fe64a0e41afba,src/main/java,src/test/java
33309d2d6904217be59955fa41e819325f18ec2b,src/main/java,src/test/java
65a33d006701e861749f95f4a944f469a365aa6b,src/main/java,src/test/java
4c767c895178f741a2b6118c7669fa99e54c6038,src/main/java,src/test/java
e0df1e79a3cc94776276037b0ad8b3c51737e8e1,src/main/java,src/test/java
54c835e0d2d5575402c89afad501c83c5edf88a9,src/main/java,src/test/java
e48a72966249d985b212bc0592117a3d0656ea68,src/main/java,src/test/java
ff02984f146a14a79324b33bfd15ebcb0dbf5d4e,src/main/java,src/test/java
a5717010b75f44191d93b613ce08c99e927d82b3,src/main/java,src/test/java
6c56d8f4b7542b3c4f5d09e3015b919233d6498f,src/main/java,src/test/java
288c0dd318af89c2903af2f02df4a0a8ed4af740,src/main/java,src/test/java
06f23140521efd7ffcb69419431708a20c6ac6bd,src/main/java,src/test/java
e3a7c8644530c6c834d0d7e893a16c4e79e057be,src/main/java,src/test/java
cdc4608e12a5a023cf8cf15b7c917a351c6db33b,src/main/java,src/test/java
41b640aa5b794638426f6bf3d4f3b39c23910a96,src/main/java,src/test/java
83b38773a3e066f92d986d5181184b030b4ad502,src/main/java,src/test/java
6c459fc8eea1355b5d1fd3ac70469aa36a1e8834,src/main/java,src/test/java
f00fea4a61dc0f3a54b114397f5e50c923d8de9b,src/main/java,src/test/java
5364477965f8f87cb09d3cdeabbaa03d8eec3e70,src/main/java,src/test/java
fa8cbbbcacec08a1a272b9b4c2cd449b6be0ddc1,src/main/java,src/test/java
c9e3d3a85f001a75980aabcae672854e401f8a05,src/main/java,src/test/java
7834c7466e29824578579eea16d7364bc104a9c9,src/main/java,src/test/java
2e5838e736025b192fbcd0ee18baa4d56be04189,src/main/java,src/test/java
7a501fd4396892e553a4d594bbfae70d80f21dd1,src/main/java,src/test/java
7e9e5e33e388308cfe360752a67eba12ceb42e1b,src/main/java,src/test/java
7bd54565a551d8b6f905df969fa52f3e8d3e390e,src/main/java,src/test/java
dc71cfd6fe8f6ece6cc4cd020a8b109adaf7f408,src/main/java,src/test/java
08cfbdd414514dba2f83f1156bc91281a42c87bf,src/main/java,src/test/java
f7a666adfb92489249b9d943a5323d47d2b29498,src/main/java,src/test/java
e8421fc0e4c8bf55cab57b67b996f4ad10fa8ea5,src/main/java,src/test/java
b24d78ced19afa23edf9fc67917a780c6f506297,src/main/java,src/test/java
838a9346b47906f4d5b2b68c6ac0affdf8cb34da,src/main/java,src/test/java
999a62a3dbaa56cddd25a0cb945519deb445db94,src/main/java,src/test/java
2dab31344d10a0c536a3dcfd8018bbdad0293826,src/main/java,src/test/java
e4feccde80b99525883dc3238a3e35a16e642973,src/main/java,src/test/java
b5c7ddb3e9e7b831b59eda1229096100a0d5e044,src/main/java,src/test/java
8ad51bfa50e4afb327232c8a63a8d1dde13d5190,src/main/java,src/test/java
9eccb80e0fa342b8b5f9fe226f8ffd498feaf052,src/main/java,src/test/java
9103d63ae2a746a9295c609dd87a647ca41443ef,src/main/java,src/test/java
85c47d019f903e2aff05ecb1a02a8bf486227dae,src/main/java,src/test/java
c11356ca7c5c16e9938118f5adac89d5670e559c,src/main/java,src/test/java
3b44e01a330b08a5e2bc3b9997c2a6306009d70c,src/main/java,src/test/java
623f47497313d434b653242dda142228b73c98f6,src/main/java,src/test/java
7a4e7f5ba1c88dac5cde552b13eef57163f1a9b1,src/main/java,src/test/java
4b44b7d9c7b74eeeca3121b524b0c1d7dbb75bd3,src/main/java,src/test/java
c190a33c48f4816c849327304c66cbe41b984dd2,src/main/java,src/test/java
4eaa9765cdf95ac11b8cafc58dc6d2e4bf9771b0,src/main/java,src/test/java
44cf9d5bf94c188134be659ddf12f2416804d204,src/main/java,src/test/java
c5c9b5133bd3af867cdda0be8ba9d7bb6892d5f0,src/main/java,src/test/java
adc1969ba3f106fd6ac91e9bc4a8af14dc635736,src/main/java,src/test/java
ff231c40e8bff118fe711ee494605280f2031128,src/main/java,src/test/java
4443bbc3fc72312915a91b91fcbdf64073048a0b,src/main/java,src/test/java
3f218177a79fd7987bd371a5421ecb9ef24823d8,src/main/java,src/test/java
4c9451158a960b3cb54502b5fa8c621ddb7b9d48,src/main/java,src/test/java
90fca9b6680846aa728e4f015ae6ea3dbea11a5f,src/main/java,src/test/java
c6c8af4e5042b5a881276a1227fe3e6c543743a8,src/main/java,src/test/java
ad18bc7f935f13fd89fc8daf37fbeab171fbb698,src/main/java,src/test/java
fa32e5b29abb86497eaed878ecb7d8220e5a6cff,src/main/java,src/test/java
0e8c76566c707c3506e42403cb1ec4320de49bce,src/main/java,src/test/java
6d5ba4c94f16e8ac79dfb6d08bb44247ab7a98cd,src/main/java,src/test/java
c192219fe66a5574e30b6533feaf98c92986e95e,src/main/java,src/test/java
dbc94e487597663f8198ed772b2c36f70e38c563,src/main/java,src/test/java
7e4dcd35b9ff0906bb803450b0f513194981635f,src/main/java,src/test/java
c627ff542713c2ac8095e52d74e79052efa98f6d,src/main/java,src/test/java
27d8e6390d71e272ad31027eb169227238b4e4a1,src/main/java,src/test/java
c4503ac5e7cfce4d66fee5bbc8fbe5bb0ffa57ef,src/main/java,src/test/java
e73268b0809f8eb26fbb15df1c89e2bf40756962,src/main/java,src/test/java
aa35407128337055e41844f69b7d2a55d86dbe77,src/main/java,src/test/java
2fbc31fff0d88348ea604213eb43c8006f46a760,src/main/java,src/test/java
974257c7506f41f59bb85204bc9c5ee2befcd862,src/main/java,src/test/java
6058430cd397a132c60e7b98b3305768bee68e99,src/main/java,src/test/java
848b1779c29fe3232f11e1d49153b3bbe90a3e5e,src/main/java,src/test/java
abed1421721418608ad988a54a96f06e856f04be,src/main/java,src/test/java
e45cebbe90eaa0a336253b00e255e81f3003151e,src/main/java,src/test/java
edffee3ecae1d0d2b03189dc2099b4014d18dba4,src/main/java,src/test/java
eb256b4396bd3eb0d177d9b8448f7edccc22384b,src/main/java,src/test/java
7254525fb5fb9824d18198a64bd221d712671151,src/main/java,src/test/java
ccd417a3f9a519876852b23af594253f162b10ef,src/main/java,src/test/java
c796d7ada08a35c6101c6636b6d423d34791708d,src/main/java,src/test/java
aa86ced98b099476d0d88b5394218925284e39a5,src/main/java,src/test/java
6115c35349bf084287d668459b9933ae6a1f072e,src/main/java,src/test/java
e465b99797aa0bd6d8c02b59d0155792a339ff07,src/main/java,src/test/java
94160b14461715d23c21d957dcc2f8ae9dd236ca,src/main/java,src/test/java
b38239da29813147ab13380023ffdae85e326f85,src/main/java,src/test/java
b926af39624d1511dc38793f35b0bbbc8729b213,src/main/java,src/test/java
5faeb6bce3644c2410e6a6d89202ea2cc445bd04,src/main/java,src/test/java
a6b00672649dde32fc4ff0408965f851a77740ec,src/main/java,src/test/java
889664265b4e1afcadd97dbf3f73031d94973c08,src/main/java,src/test/java
8ddba910fb755e3d31b24b8ed0e6126ad53a5a95,src/main/java,src/test/java
565b8cb741520c529c340a9298870bb7ef0df8e9,src/main/java,src/test/java
2848927f4b3a8df1a01635e93f6838f0a5a0249e,src/main/java,src/test/java
5aa704f3c7109bdbf396c7992ededd5d9e682627,src/main/java,src/test/java
0fdd1376eef8d46f99f8fffc8406a5db1d0132b9,src/main/java,src/test/java
5b1705da8f78738fc3a4835dbcdb8f277485afe2,src/main/java,src/test/java
c1941b1ddcd1e6dd225e4942de9d912e999864a7,src/main/java,src/test/java
a4c8f88f23709e7674bb2df68e3d37439cffa3df,src/main/java,src/test/java
1b58a5303f132297577d06cefd2e8178a8ad209d,src/main/java,src/test/java
061fcd36bf943658dad5c445b94fe2021c6d7489,src/main/java,src/test/java
da7e1be335e89a7ab6e6adb1cf2b071cc1e21295,src/main/java,src/test/java
cd14019b9d5a82db3282685114410ce788f8bcbb,src/main/java,src/test/java
0cb77da8f1ba43f08231006eaee8635238ebf052,src/main/java,src/test/java
1b8ac76ff70357472f2dfb40d38efa27fa928da7,src/main/java,src/test/java
217c7fda8adc5909770275365fbfcac608c5156e,src/main/java,src/test/java
1d85d92a80f49b5d777eb2dd61b2991806113222,src/main/java,src/test/java
c0b1dafed7f86380c0f90a7cfbffef618203d146,src/main/java,src/test/java
e1d8cacd795bf73a730851261e829b2e00a3b174,src/main/java,src/test/java
ce517ece894256eddee2a9d69b7db3846ed2a834,src/main/java,src/test/java
4a71e46e6340c41d9ef48ead8b6b28394d81bd6b,src/main/java,src/test/java
7e13614856e24f2bed5122b7fcb0e39e2b02da15,src/main/java,src/test/java
e7370ddec3fc65f3bd13ba24966ecb23272880b3,src/main/java,src/test/java
ebfb12ac341b3d5e3d67bae57b8a7114620f0987,src/main/java,src/test/java
bb08d7f71df9e04274f034c182f6ec5c66f87994,src/main/java,src/test/java
07cfdd51f6ab81727bac44651aee4f9154f61c88,src/main/java,src/test/java
e527689ec96f548b37889e7d48852f3745d7625e,src/main/java,src/test/java
d8c839983f4e92468d9e8de99d350277d4db730b,src/main/java,src/test/java
90403ec1871e2bddab34458c72f2ff3346aa6164,src/main/java,src/test/java
45f11130656f6d0f9d78fcb7753b6541eaec2843,src/main/java,src/test/java
4b8fdc5e551124d67c968cccb6d81fc6a2611a3c,src/main/java,src/test/java
7455ccd03071033edef7e636186c42070362c7d0,src/main/java,src/test/java
5051c0c11e87639c072ab586eb2ccd85d9b072c8,src/main/java,src/test/java
f2e5dccac4bbd3eba9e7eb71f46a6d2138bde394,src/main/java,src/test/java
cac38c427860fd89184590e66acde6add4f78d6d,src/main/java,src/test/java
e1644357d6fa91ba9c3edc64f1de249532dcf7d0,src/main/java,src/test/java
84a90560f4d00fd999c8382050dbe93bc060636e,src/main/java,src/test/java
dce38e1725fbef1554d4033f416ef7b3e33a237f,src/main/java,src/test/java
ba4d482d065bdb7916e7ba1fba402b0a432d103f,src/main/java,src/test/java
9b36b32a335af569619f12f29dd3e010caa97f61,src/main/java,src/test/java
0ac944300c806fe64068ce20e680072bdf4ef17b,src/main/java,src/test/java
c86542ce9cb3ae755ada6eb9517f8ef7871efa66,src/main/java,src/test/java
dda5fd8d29694c54db28d4246fcf1f55a473a10f,src/main/java,src/test/java
5f57628701614422bf1cc8ae554a54f9dc98d507,src/main/java,src/test/java
3de3bb089ad09fde18afab3a9b637d62f09aa548,src/main/java,src/test/java
094b3c824a9bf918d611e4e53121af30497be366,src/main/java,src/test/java
a96343b3c94610e8f95f32f8dd1a5bfd69eefedb,src/main/java,src/test/java
db71586478f0ee3b8a364e3f9b7219c23e9767fb,src/main/java,src/test/java
9eade5fd5b6e7c86e891241fc9c0b220452ebe01,src/main/java,src/test/java
dae6c18d431b1e663aeec52d7c31278734526af4,src/main/java,src/test/java
906c7a3a5924f8eddcb9389f31064238b6730f7e,src/main/java,src/test/java
3f04e60de2c0f3555af42fa1cce26cec2bb2781e,src/main/java,src/test/java
3caa3823e828ad73beaab79781d21521f7b36e0c,src/main/java,src/test/java
a7b55ebc6c649307a26ad624c4fa8e6fcc4afe80,src/main/java,src/test/java
d8c169961e2d331b78142b0c1edbdce7cb304f5e,src/main/java,src/test/java
ad10c37d5968ef7e76ea879a46eea166371b9c83,src/main/java,src/test/java
c0037d9fba1671d71341d689b9222d2a2023c099,src/main/java,src/test/java
cf772d8176d8656c900acc687141166d89b1c527,src/main/java,src/test/java
07e3a3f9cb64883f10f846c87044c99fbd8a1404,src/main/java,src/test/java
41f45f1facc1b2cede2885b705d220c12180f3e2,src/main/java,src/test/java
f3af7f4ed129fa331dbc9ac69ea9ae43d73bbf9d,src/main/java,src/test/java
28f5b81df435b8d9260b65f28870db69324a953f,src/main/java,src/test/java
eb6f69308e0e2eb11b0a99c9083fb3c6e4972f09,src/main/java,src/test/java
3d4df899d7443cb7f2ccd9a43bbc6fb17c75deaa,src/main/java,src/test/java
1e5b58378ed272ba78f107b4d0fe39e1c8ed25d7,src/main/java,src/test/java
c53295e8cf1870f2a3cf27e1e7dac8b3d3a81986,src/main/java,src/test/java
d3a5d59ea75b590bf5f8c32df817741913b94ebe,src/main/java,src/test/java
159ae057281bf2daf7656620e3bade2474f94bc8,src/main/java,src/test/java
1d9fc1b55e56c40ba27a31d1d2dfd8e359a7241e,src/main/java,src/test/java
4591a9f97ce1d7f2010c30e78caa024c7ed4a096,src/main/java,src/test/java
1f3c294535553b44f26d7875b127f073f1cb9908,src/main/java,src/test/java
3bc020885179ec23ae8755af7a398894fd2f6252,src/main/java,src/test/java
8c60c6f47024674a4edad2117c4b0db5df710745,src/main/java,src/test/java
9fde1cb2ba768300d0ed1c7671a1283b5846d7d7,src/main/java,src/test/java
5533ba0bb2a6423c1c74c6c9d9ef73281fc1f388,src/main/java,src/test/java
8757e7a8c30208ea81a1b676cebce01820426147,src/main/java,src/test/java
15b0bc5bfd3adc1925bee3cb306bb142973b264e,src/main/java,src/test/java
75820b0369f4e5c53b9fee4db8ea1e817ecd7d23,src/main/java,src/test/java
18ec17c8051248a4ffc235a9d9509b80b89ea416,src/main/java,src/test/java
381b3a2a502cff49507a6e35db421655794ed8c9,src/main/java,src/test/java
ff239d8ef1f758667eda7689cac68067925ff1e5,src/main/java,src/test/java
4386b056d90520b8f441931847f87481a32a44dd,src/main/java,src/test/java
66cbed8227048fcc96a5ca4c51d59f0823abe153,src/main/java,src/test/java
a1f913353dcda35eb83e964cc6d270a503015ebe,src/main/java,src/test/java
c545423917582508c7ac8a62608e0f700ff5981d,src/main/java,src/test/java
676ce36a679088ef45e0d71860ff9bc87a199b06,src/main/java,src/test/java
28dc3413c30592f0d1c3d719f7f2f5f70d026849,src/main/java,src/test/java
9d715a8197afaab792662cb9e716be5ffb3e2db1,src/main/java,src/test/java
ba67c1b685700c4ef34145a5ae414c247d4a5d99,src/main/java,src/test/java
25e2fb4e2d3d3de5305b3d3153cf334b3fdf91b4,src/main/java,src/test/java
482739a22ca4c1203229ecd7af6561ca08cb96ad,src/main/java,src/test/java
c30d53126c80334692c3c40260ca37096e9c2e51,src/main/java,src/test/java
e352332567a7da5fed2b8b2e28b1f0ef7551fa04,src/main/java,src/test/java
a34342c5ea47ee2c64a9d062b7b2e4fa97d37ba8,src/main/java,src/test/java
8d516a0d813ab64259258cbd2434ce6739b499df,src/main/java,src/test/java
89f91566b16d68b9f1c93c34db24d19de724f7ac,src/main/java,src/test/java
fd0155cab1b77528c1836d883ebbcc1f8df9ee5a,src/main/java,src/test/java
9ef1a5eeca435dba54dfd70899df622b3e356d9c,src/main/java,src/test/java
7d9f08516c6c9967351f426bbb9d4b6104257835,src/main/java,src/test/java
e115f518f08ee9889e08520791e3bd424e473e5c,src/main/java,src/test/java
73c95b9882ab91020952b3823e5f7ac8b0b15b98,src/main/java,src/test/java
99d0b894fa15066b803c8f8187633712c3637cdb,src/main/java,src/test/java
e43559ab865071ff6cbe40b8ea73a9f11de949c0,src/main/java,src/test/java
a731b27e030aded284c9b01761a23f2f90e3f392,src/main/java,src/test/java
4372d02b14d21f283d5745999afe6312c8a44709,src/main/java,src/test/java
b5aa81fcfd61372bdd4cb4f45896472596266caf,src/main/java,src/test/java
f00af355bef2477ebded343b091ce3d57c0214f9,src/main/java,src/test/java
b1b8d6ac91d0521a00d3ae5cd744b02f3b15308b,src/main/java,src/test/java
dc6e01283eee6a0d2760646096eae88a1babb0e3,src/main/java,src/test/java
6df560f72ceaeef90a982970b6402c59c913b88f,src/main/java,src/test/java
b5358d054c275e4f8b9ca49a40ab3961cd960973,src/main/java,src/test/java
ba1f9d0b9d7410af9e54b02bedaaa89bf28929de,src/main/java,src/test/java
2e2ae9bd5efc0da651e7fee90cb7637e1db811af,src/main/java,src/test/java
fe80ceb181ac3bfcf7bb3b9723248e0b9e1c3f5d,src/main/java,src/test/java
14e04421e4348e06e1d553156b784019c4400e84,src/main/java,src/test/java
fb77284cc060e15a4f836a3665f2a46f719a5256,src/main/java,src/test/java
9e3d701b8dfbfe8dd7a4b513d798f9bd5a20954c,src/main/java,src/test/java
dcec866d4a32b11436e4ac57befa5f01184f839a,src/main/java,src/test/java
28b655f62627df0aa62048fa53e70e222ffdcd5c,src/main/java,src/test/java
95263f85ad00d573b2c0c4052c9a2c77aedc0999,src/main/java,src/test/java
861610e1b65833d6632ad3b6d0a8436f61ab9dc3,src/main/java,src/test/java
38d4f8082b2791fccdad7d6de096b82d5da9a760,src/main/java,src/test/java
f6a5710908e8770571c353945eb314abea153b0a,src/main/java,src/test/java
b03a10503be4619edbe3939e70bfc38995995167,src/main/java,src/test/java
b7f9f813384be1dfd57252b1c4aff75d6a699429,src/main/java,src/test/java
402caa6cc8ede336d36914944df38549c9f23224,src/main/java,src/test/java
90d27820760e4afe2b06b1338e4ef1554245cc76,src/main/java,src/test/java
081d151e6d02bc004dd4ffeccd4a1fc8d31ee1ec,src/main/java,src/test/java
5f8d6a1cae4f19709b97d42d0b0414efb3f14f4d,src/main/java,src/test/java
20c839b8f24b5eedbb09ad390d29592c996c2947,src/main/java,src/test/java
62728d9b6010c18baa50d2735f9a602e1e0edcaa,src/main/java,src/test/java
81b8d471144267e479722cb004e0617e7cda3e88,src/main/java,src/test/java
d6641e296a6d7d1e0ada2fe98e9862066c2d805f,src/main/java,src/test/java
2a09560b4894c91986e4b22c4d396635dfa31bbb,src/main/java,src/test/java
fa2c1d9b0dfff9bd56ba34563797e17130fc5e96,src/main/java,src/test/java
ef1e6f5889c81dc350dcf9dba97f2d0111f70cfe,src/main/java,src/test/java
f776c413b593d2807a8426269993c8fabb4db9a5,src/main/java,src/test/java
e1bf2a9874d9539eb0276f46ed30b58a290c825b,src/main/java,src/test/java
fe6b67dc834a7b235499cb12f9d7666644f976f2,src/main/java,src/test/java
1896bcf18ddecca1adca254b09d33d020f282170,src/main/java,src/test/java
9ba497d7d44cfe37672b73e0eccba0cb5e637be1,src/main/java,src/test/java
2620b5ceef5d7a55bd0ae8499b34e948734221ee,src/main/java,src/test/java
3440a86a5a2cc386877d86bf378c234af520edf8,src/main/java,src/test/java
dd3c0987f3f0b6e93c94bb4602be413d65f1428b,src/main/java,src/test/java
922badcf5a9a22a814ce9c57fa5fd6682ca55d94,src/main/java,src/test/java
263b6805b41ed8951bf0ed9d96164767d6fc4480,src/main/java,src/test/java
a8273760593316e6e632c16b63dfaa42ce31b973,src/main/java,src/test/java
487ff79ad797f9fc2ce2e312580b52c8b5b74ea7,src/main/java,src/test/java
4b53b2d4a487c2327206bbc5205cd74af13d82ac,src/main/java,src/test/java
ee4449763722a86f0ed9829d944a713bf28e7700,src/main/java,src/test/java
ba933605a630bbeb9610c8486ad5dcd0a036cf22,src/main/java,src/test/java
783df449038892099f10198e67ce7e110bdb28c8,src/main/java,src/test/java
16e53b25f407755423efe40bf4267e8ed6f19527,src/main/java,src/test/java
4820447c6a6180a0cfdc70e81ff404f6b1d5e61a,src/main/java,src/test/java
1ed782b8ff98e79d01da6dd7486a5e67610bc0a4,src/main/java,src/test/java
e833c098fa260ab0c18cfe3a4d243e8fe4aade0a,src/main/java,src/test/java
d751a189103d1cf5b5f967f655cb0e2da9102301,src/main/java,src/test/java
3021ba305d21480cbc007b88503a527394cc7b2e,src/main/java,src/test/java
f9d3e02c290b24ed1e233fc38b76c7145bf08f15,src/main/java,src/test/java
21bd378af3c43473dacba20befa3b484d6065485,src/main/java,src/test/java
1d97c1b4df4d6255b396e6ce014ce616b3555cff,src/main/java,src/test/java
6f5926dfddd57f38664724a4c9893e07007feb09,src/main/java,src/test/java
5f6c8b4e1fd32396889206f2222dce26480d2a95,src/main/java,src/test/java
3507e07c202b1e38cc7ad27d9077b25306cbf3a2,src/main/java,src/test/java
eacd6e959b9e8fec7b19e8f60d3f20765ad0c12d,src/main/java,src/test/java
c61e691ccc25181cc6018f61eec24599b7fd3be4,src/main/java,src/test/java
b8d44e5c164e50df2b928dddf14d035f0b635ba7,src/main/java,src/test/java
9dac2f746a7eee6403d99c785d79c1938c930133,src/main/java,src/test/java
598388811a45ab09724f180d19e3ac07fd21be24,src/main/java,src/test/java
48e22d8ddf094ae7ffdbf75ac0213a779611a10b,src/main/java,src/test/java
b4d9e560e87de4e3c864177e3559acdf18b38034,src/main/java,src/test/java
d75da4b16c3acb28b0cd40bfaed3fc6117b551c4,src/main/java,src/test/java
a7a5470f3665d5f0a940684ad754e5d70b6d77dc,src/main/java,src/test/java
a3c33148bda17c8536b85b167aca582a0bbd5c16,src/main/java,src/test/java
07d16ebe9afb4c12b25b7ae682a59deef9b38bc9,src/main/java,src/test/java
f1220c31c6280a13549f8b4873decb071c8de953,src/main/java,src/test/java
a46771f086ba42bedd583289871b979318031704,src/main/java,src/test/java
9eb9878790f01b72ca70762eaf3032da14dbb469,src/main/java,src/test/java
b62563a82d4f0e480c9b0b7fa25106cb77b58768,src/main/java,src/test/java
96d4a6f79c034e3e7d609ff7f67d9ba20fbe543b,src/main/java,src/test/java
394e98dceede742fa6b1e29f777995730d1f44d2,src/main/java,src/test/java
3da9d930464e4429ccaad6c9f5acd19f371daed6,src/main/java,src/test/java
361f19ccd5a4dda2c8b8315303d147272e34ec1e,src/main/java,src/test/java
21589e17c02a565a43132af448436843662b9362,src/main/java,src/test/java
6e75e104df637ec5c874000bb468bef475026edb,src/main/java,src/test/java
e78bc4d8145e69186c5f818627381eb266d748fe,src/main/java,src/test/java
624c5316a1807e504c0a4507827474dc01e42808,src/main/java,src/test/java
87bd02b1875598450b1f88e0873c15d597ec8544,src/main/java,src/test/java
f4162dd940344fe3557354c4485e37451818b5f5,src/main/java,src/test/java
80eb2ec0e9b0f0c49f3939e186daf8e7ef1105d8,src/main/java,src/test/java
5bfa74f175cb0ed4d1cbbac894c224f0cea5942d,src/main/java,src/test/java
47f79dfe4b570a1041cadfdda72a38ffbf1ffb4c,src/main/java,src/test/java
be4c254cbe35a76a3717f89e7577fcb083e592bd,src/main/java,src/test/java
de5098f129d7781feafcc4ee2c738ef02f3a78e0,src/main/java,src/test/java
81acc2248e467fcbbb03a69357d69b9fe378f09e,src/main/java,src/test/java
0af5217b62c9097a39e38a709866db761ff34b4d,src/main/java,src/test/java
128967d6dfe989bfaf96a99e45af8d91541fec87,src/main/java,src/test/java
d190c49cc6c9868aedd3e60cc51cff8026830d52,src/main/java,src/test/java
3d27271cd70e594aec592ff1315fbe8954abe5aa,src/main/java,src/test/java
8eb032db83b2b4ab72fb8de43d2b92508ac6fd9b,src/main/java,src/test/java
4326c297a71490777129e1add978476aec8e36dc,src/main/java,src/test/java
5eb21f82a46e2193c03e2af14cc1b075dc69fde3,src/main/java,src/test/java
961162c13ba76a8634c1e9bd6fd86133481e05a3,src/main/java,src/test/java
100bd3b803bf474276b1e2e009ed1774865d3711,src/main/java,src/test/java
2d32b99758b798174a2fe0674d174c142e25b2b3,src/main/java,src/test/java
10cec0c0960ef1a5e985bb8a8237606940a9d315,src/main/java,src/test/java
02d64236ffbd11d5ad14c956e0f15acc2ff37748,src/main/java,src/test/java
272e9edcca350ca68c86447bd2d3413ed911a20d,src/main/java,src/test/java
a82fa3bbbf4fed556c0238ed3f6b540e3ccf9fea,src/main/java,src/test/java
346b204d082d4dcac334fb10fc5b8a075c2f076a,src/main/java,src/test/java
65a22ac30968dbc0efdda8d0f6075add58c8d64f,src/main/java,src/test/java
