6b735dd3b177f7a4ed03aa4f9482d3908f9f2dd7,src/main/java,src/test/java
3a902d1e8429a0f399fe1f946b71c569953ff810,src/main/java,src/test/java
b7cf2efbbc6fc03758a3ae663e2e4ceaafd181bb,src/main/java,src/test/java
4b81b228c33f95f0bec7f0ef9f29653ad6ae50f4,src/main/java,src/test/java
e139142362929f1a330ba19ae28fe8ee3ea4768b,src/main/java,src/test/java
ab89888b36c3710302b60ffa9e1fb6f227ce6fce,src/main/java,src/test/java
66644bd1e856523afccdbfd17cb004e9306965e0,src/main/java,src/test/java
535c06abd4278faa9578b24ae54dede33af25e10,src/main/java,src/test/java
da6532df87e665fabfe306ebc3d3d90b14717d2c,src/main/java,src/test/java
c514bcf370dfc2a8c5b494d20961e849eaec50d0,src/main/java,src/test/java
1c62c69fb0d9c4fd45cc2a15397a08839adfee1c,src/main/java,src/test/java
520a8f49615bc1af41c3f9b3c4681095658bec2c,src/main/java,src/test/java
f85c7085e5d1b77bafb58c4f40b78a6e8368a12c,src/main/java,src/test/java
0b37e347adb70f469e3d4808f9108ff0ab5c09d2,src/main/java,src/test/java
a7e35e339f14ff2739a13409666afae15a5da995,src/main/java,src/test/java
530b2cdea28cd3bf5c530c62dc0bb3a0234cd3b2,src/main/java,src/test/java
0bde0156bcf2e8ee496f7226aa5c304eef81036f,src/main/java,src/test/java
ec097f894fbbf9bf0c84892da9bfd4dad727c41e,src/main/java,src/test/java
ec8839021bdbb14fe10632a70ba267b250886ad2,src/main/java,src/test/java
5e250f81f09d15c6f1268ba95846e5b8fde26107,src/main/java,src/test/java
98ab39b79b34a5b21bf5a3020c1ca0eb11db0552,src/main/java,src/test/java
baec1deb04623a7d6ea8be5b11329a903229c5a5,src/main/java,src/test/java
91e9f2b503ec291ff53d9200b7f6a9b560d7ead1,src/main/java,src/test/java
34f2c209d052be549f1725f012e6d81ad26bd70c,src/main/java,src/test/java
e74927b0fc1e2b140b6e7b31a423ea2dd18f5f8a,src/main/java,src/test/java
3ddab8ecc2571a52b8770dbb44b1c6317cf49bb1,src/main/java,src/test/java
3236c5b53d4e3b565772f8450d2f07695c1b687a,src/main/java,src/test/java
40cccb23fe97baddda6bb0fd5dee05d7b59e6b0f,src/main/java,src/test/java
fa8fcca8476b6a808fecd750f4e4a07365521eca,src/main/java,src/test/java
117b287649303cb6b2c30413211298358d5216bb,src/main/java,src/test/java
f827d430c6f97f3ea356ddcb77b5f805d50dec80,src/main/java,src/test/java
10361bc79a1a67aa45f833edae5992220cdcc440,src/main/java,src/test/java
95e720736b09c7439e1686c4a0835e0e18c07544,src/main/java,src/test/java
41562dfd29655ab6e510e2443b8a5a5ef50c9d1c,src/main/java,src/test/java
4eb292eaf9208805077d77550143d73390ff5a1d,src/main/java,src/test/java
930e4c3159c18563c344173df980a5740de57ad3,src/main/java,src/test/java
ae8d8356f009b6875439b0bfd37f6677f54ed953,src/main/java,src/test/java
8f3a0440d52ae658eb63b70fb8b2ceb1866e2205,src/main/java,src/test/java
0104604c9160ad34876fd57441c867a5f219eeb4,src/main/java,src/test/java
7f7d8df685d4384619c2c13e28759c6779d18624,src/main/java,src/test/java
4f43fb254e58783de4450d2ad42464521f66ab38,src/main/java,src/test/java
bffc44b7f9a039fe2776850e320c8dcfe1ed1fd6,src/main/java,src/test/java
fda5b648f5792a09d1e64f35f6ecfef31e99fcc5,src/main/java,src/test/java
adde6a5d69fe4d529102f140bea5c7cdc8ef8b0a,src/main/java,src/test/java
aa55ac38fca0fc9db92faa83e67e5ac6aae9eb45,src/main/java,src/test/java
6fe5bc0a149db217a2612be8411101eb12a700b5,src/main/java,src/test/java
55f3f924141ab5eeca09d8dc0b8646640b0b1e04,src/main/java,src/test/java
72a2e7a34ee4797cb8e96aa8466811fb872d19a5,src/main/java,src/test/java
d24ab24dfea1561692ce5c5f79b75c120c23c2c0,src/main/java,src/test/java
9b49bd9e2d53be5765c1b9c62c96ff35e4e4b52e,src/main/java,src/test/java
bd3a628f623037c87c6b07721598e8f487cc4d5c,src/main/java,src/test/java
5c6b2249d565ecad1cdfac3d825e59020989dda8,src/main/java,src/test/java
7d7d3846934852f7a3fb76a9f76c759fe1073690,src/main/java,src/test/java
