7c68b5bb73b4d0e7a6678b70c58e163a2e1249c0,src/main/java,src/test/java
69c7ba93803cf98ad46493c64acfd642a1acfd2c,src/main/java,src/test/java
f0030cf1028c6b3a56d336d01d8d8c22aaafb729,src/main/java,src/test/java
c0daf3f330d4a9f75445d85697236a64dda4c032,src/main/java,src/test/java
ae71e898800ad2e3d122814e1ef1bb175070b437,src/main/java,src/test/java
22d1b852922a19cf143b488cfc3c6be6a9456492,src/main/java,src/test/java
da299fa902e1e9bbc432ff16b2f16cdf68b51480,src/main/java,src/test/java
1cb746d8640eabbab403a8c7e8e483d5e21df7eb,src/main/java,src/test/java
c09a9dfe25eae9223543c98244cdc40b631bb9d0,src/main/java,src/test/java
a5f941e9af52307ec746a963b6d6d5c2ea58ab77,src/main/java,src/test/java
e08b00662f3591077a3b00020e70df6e6012a3be,src/main/java,src/test/java
167d723e39af0fad9d19ddbe5233cfc34e7685a1,src/main/java,src/test/java
4c08e3ee875c45136200a2d9fea29dcb2c8782cb,src/main/java,src/test/java
ad634568afe12fff822b6562dc7c6b84e2cbaaf6,src/main/java,src/test/java
ea5dc2bd9791dbdc240732ffac66a94a8102427d,src/main/java,src/test/java
35666bf8d5cf98563e306a5c3d68ce95649ff1fa,src/main/java,src/test/java
a7f119129a2dfec025c8a330b9e1554dddea91a8,src/main/java,src/test/java
3d3df8e4ed30071165779ae8d9c7dfb60627f15c,src/main/java,src/test/java
229ba4442937d020fc3d5b38afb7df6cf590d4ef,src/main/java,src/test/java
9ed1fab26587ed04e9675cb3984725279148c3a6,src/main/java,src/test/java
edaca021cccd720bbedf1e1e0d5b7365e9ed0b59,src/main/java,src/test/java
875d6274bc7fae6c492aba1a681d718229be2b85,src/main/java,src/test/java
ce0fb843a007c734fb09b39e249f53af7228e640,src/main/java,src/test/java
da49f20206395c6c18ddcdcf888221c6f0ada09b,src/main/java,src/test/java
b5b7b3f0ce7ea16fcace792d7176043dcf19eed2,src/main/java,src/test/java
9dbb25794a0acb0acb340f1cea85e7b860880214,src/main/java,src/test/java
8e56d8053e77e526a0cc2f79d407f149f5a732e4,src/main/java,src/test/java
365a99c66b811439e0b5492166f9553dacd7004b,src/main/java,src/test/java
092b38bc27e2a0ab08a56db8d98c15975f3fe2bc,src/main/java,src/test/java
9f6cc1cbeb5535ac522ae4d26b030f6dada4da8f,src/main/java,src/test/java
80c4619726409b85810c4cbbb82344b5211944d7,src/main/java,src/test/java
de71348de04e2116087ba6f272c99edc523b74d2,src/main/java,src/test/java
ca608ebfe99a154707d32c3a847e8a1c3fd75793,src/main/java,src/test/java
fecf425daa3385f18c6a56e6bf6af0562d732bf9,src/main/java,src/test/java
db5b52602eedbdf36a080c84f6bed6417d04605f,src/main/java,src/test/java
9f8260545c177de51321c2540a7d9e7bbaba3dc6,src/main/java,src/test/java
c3a9ae8d91f51978d223d22818a4dabf674b61f9,src/main/java,src/test/java
df395934cb58c6c5a766aa53eb661f654e70a920,src/main/java,src/test/java
489aa53af34d1367cab2738c42cc6a8a80be505c,src/main/java,src/test/java
9f3a5ec28df17395da386644209c7b9f5e5c1d05,src/main/java,src/test/java
7b36a25c0989e30e51bdf88fbeb5e721c2fb3da9,src/main/java,src/test/java
0427b5fc499ff2b1d5796f545528eb4e02473b49,src/main/java,src/test/java
949000c18cc471007a730acc6e3f213ca18f3efc,src/main/java,src/test/java
a44e61908257989e735f2b4221ce1ae9139b7c29,src/main/java,src/test/java
a9e88aa69091d0a53434550c0a278cbf12f6e61e,src/main/java,src/test/java
98359a342ee452d74a5d76ae79dae9fed8687fa3,src/main/java,src/test/java
31115535d912e91fcc3668a21d1aa5b76f4fde24,src/main/java,src/test/java
6970a82f19e1f2595cf4a45e9a1a013b174440aa,src/main/java,src/test/java
ed6c16b9fa7be24a28f2e718771e2ff0e2d00c83,src/main/java,src/test/java
375d6817fbf29fb5380884eb7d17b5ab4312c0eb,src/main/java,src/test/java
5f2623e2df7e086a662237b2af8c627175906717,src/main/java,src/test/java
6ccfb91ff2c46c0937dc2776dceb7b857942d6ef,src/main/java,src/test/java
e041b32f26ba8758f589fc69a25a9c071cfd6fc3,src/main/java,src/test/java
