30235eef482a5115727c86eaef983f9f3c658064,src/main/java,src/test/java
3527acb60b611cef2c7b065410e7b96873c53574,src/main/java,src/test/java
90d7803ba60c644eef9bbbbf3dc792d2ab137aa6,src/main/java,src/test/java
6073fbd0585602fcca3d09e10dc89fcbc6a629c4,src/main/java,src/test/java
7574011bd7d07a071c4330aaf20866aed230d160,src/main/java,src/test/java
7ec6cb791a3123e6cef3b3a5e0047e2dd5f39098,src/main/java,src/test/java
211a3b52cd0e15b6fe915bee466231541305668d,src/main/java,src/test/java
6655df06cea744aec5ef0fa2b557df9538244e88,src/main/java,src/test/java
038ef554094d53cf290c5a7c33561b8afe05fd4d,src/main/java,src/test/java
9a8cb57befc15951ede28ebd895648ec03b6f460,src/main/java,src/test/java
b35a46341b8e10d832b655bbb010bf93ee52e09a,src/main/java,src/test/java
ad4cca9a01d1b3c03dd221991301bd74f0f65ca4,src/main/java,src/test/java
7f01a2d2c6fc1a1630b650779130c34877d2d274,src/main/java,src/test/java
c4da60cafcfc197766c732802e9dce8ab4532c5c,src/main/java,src/test/java
bc14b6481f20a144a496de9d116c404031826ee8,src/main/java,src/test/java
8fb77077354c6658e19bff4d6ee118c7d4896c58,src/main/java,src/test/java
a4f964d47a84e4efe404edbce58a8872c2d7ab65,src/main/java,src/test/java
e87c847657454f1a57b23b381b3304ba4f768b11,src/main/java,src/test/java
184e51e99c9774ca3cdff6a1d7568d63ef19c5dd,src/main/java,src/test/java
3ee4294f1d379ceae2309a3bca9dc45eefc4c949,src/main/java,src/test/java
6cefb9f89975ace7fc90ec663c4d92ac9af14dfd,src/main/java,src/test/java
8b4d9de39eedeef10ff1ff0a383606b6b94785bb,src/main/java,src/test/java
7e032d211feecf00b93f72fd0ee49c42abf08c61,src/main/java,src/test/java
df08108853b8e96c8414ff68c3d079fe78fa7169,src/main/java,src/test/java
9aec4f332aae9ec380d09dab1c68b0cd15927644,src/main/java,src/test/java
450d89da0b8a322ea99c943e726d654728264b66,src/main/java,src/test/java
8e794fc468c1142b218d33ea3cbb67584d6c1441,src/main/java,src/test/java
686058119dd795b3de7f2016e3e64fb8f025f813,src/main/java,src/test/java
9329aaea1fbfe2c6f517e53491a6f767b1702932,src/main/java,src/test/java
809b2da16cc0796ee4e5aca8ef816c200c01baf2,src/main/java,src/test/java
065cb0398fbcb5ca3e83f9ed614756ab81de13f3,src/main/java,src/test/java
b310601e79c863570dd6d4196a5c7c2aa13d7cf7,src/main/java,src/test/java
2e8d465c31cf5024c471e1431042c329a822d2fe,src/main/java,src/test/java
e77939f6e98ccbbd7b34448285308ff5074fc4e0,src/main/java,src/test/java
95bd386295428af5f865c1055a1f0228dd053375,src/main/java,src/test/java
c8974ee132d4ba1cf1f4651fcc89b0a61bdaae63,src/main/java,src/test/java
d79c4c2bc83b56e40933e841682a4115441b51cd,src/main/java,src/test/java
ba2169640cfcf31b599fd541975c3dff1b8d32c9,src/main/java,src/test/java
8cfffea6441153a2c59700e4db30d71857fd0cbe,src/main/java,src/test/java
