b7f47ba84a0a75d469115d64045a50298206c25d,src/main/java,src/test/java
ed648b3ae3de2ecd9404c70df4ef4ca8543ff4bc,src/main/java,src/test/java
1e9c5ee8d9b484ab20a56b584649960b4a99d5eb,src/main/java,src/test/java
b311bd95c49092319d32dd8a5be824cad4964fa1,src/main/java,src/test/java
e7d1d2fabd76559dbedf1fe36d9a8849c1af7e4f,src/main/java,src/test/java
c9e5b86eba26af299d87787f20769ceeb6358380,src/main/java,src/test/java
0848c142c7fa4f473a834419a34c84138a3d2329,src/main/java,src/test/java
8349e7a1592d0897e15cfdcfbf596a473437c7ac,src/main/java,src/test/java
93a422c2ebb2b5fadc76f4d1e97589c2a82017fe,src/main/java,src/test/java
721daf6ee1cdced37a470c3a4f8fe91e921da9cb,src/main/java,src/test/java
3ef050510ed5f0e5581a5657893bb37055219e85,src/main/java,src/test/java
3522a472f9cf7e60f34cd35bd0b2442ef2d96e19,src/main/java,src/test/java
48dd159815974ee175347eafe48715cf69697249,src/main/java,src/test/java
81eac62753e5ee92a821ab030b1223369d8b8000,src/main/java,src/test/java
6dd9e9422eae2570dc68d0c3eb44b079d302c772,src/main/java,src/test/java
73b9c776e9526743d03bf18a8e3e2543f87ef21c,src/main/java,src/test/java
ffbe3e645f6e5fbcdd831212dc98421b54fcf3a2,src/main/java,src/test/java
cadccce971b40e7d390fdeff032ce3f4d423c3dd,src/main/java,src/test/java
8924a1ea44b761c0a3cda258f169857b6e9033c9,src/main/java,src/test/java
5322e87781085c1edb5b3f8c8d0ac43de0142e19,src/main/java,src/test/java
5fa026cbc544bb9f92a34d2d7bff01ea2d1e4843,src/main/java,src/test/java
ae1a24fa2fa5625e4b133bd53c589bd702de12d1,src/main/java,src/test/java
1d4fc7b48893d2b4e3cbc715beab970fd9889c9a,src/main/java,src/test/java
24e1b3337d6eebf27e0f17b71424ee82c15c50f0,src/main/java,src/test/java
477c1eca02221cce1081482fa47765f9443c9bd2,src/main/java,src/test/java
43210173325e1f7e2f4c529a4a50e0242cafabb5,src/main/java,src/test/java
6b4e4764aa23c3e26a1aa6e3c4d4abe4308b4501,src/main/java,src/test/java
db1d1ec3b05ae287af7dcd598e383012d83ce95a,src/main/java,src/test/java
40c0dd74a8c8492cb9c8521cc305a82df3ceec5f,src/main/java,src/test/java
64fabcee048fa59718390cc254f50ff266186ad6,src/main/java,src/test/java
9ee8b87b5fa55b417c2cac362ac6e02344a0d0ba,src/main/java,src/test/java
f835df9413aa59494228ca122871eb1c889eeaab,src/main/java,src/test/java
5b170be8204bdbaa9f07699d4da037975fbfee98,src/main/java,src/test/java
a7a7ac7f5c796d9edc3631f3c9382c9c224e6240,src/main/java,src/test/java
35d926c6d7965de4687b60b392d9de8fa2e29dbc,src/main/java,src/test/java
26a63b95a5fbb4ad3db9c575b6da69f7de7a565b,src/main/java,src/test/java
0758d5eea6d2a9ea635984bc4c8db1e3ebf14c9b,src/main/java,src/test/java
408e914e8a0d985e6300d7daffea799c570a860c,src/main/java,src/test/java
cee7e128871c0c1d7b5849bc90ca00b4934403ca,src/main/java,src/test/java
d262a30383b360a2de89b7ea4afc7810e1f5b1ac,src/main/java,src/test/java
e4bbb3c6dac58b3f90678dab26f3eb688ae35b50,src/main/java,src/test/java
9506d2e032e9900467005b2c199ab42141ea7e0b,src/main/java,src/test/java
