08854c614977d4e748bf07011c7e390ec7f36626,src/main/java,src/test/java
f35321992afb8bae2533bc02196aed33d8153b46,src/main/java,src/test/java
a824a83679820b6e958706ce000399308dced6a4,src/main/java,src/test/java
f9ad899efcd35ddcaa38fbf7c4978f7b6cbe3904,src/main/java,src/test/java
d3c419806b80c825a668857fd3e574e679c6580c,src/main/java,src/test/java
a91c2591a9d65e5d84cf846ec546247c961f50f9,src/main/java,src/test/java
9b00435e864f6d6511cef04f0038809dcc92d37b,src/main/java,src/test/java
d8f82c788c4d8c41c59ca143caf2f989d0e9a9ae,src/main/java,src/test/java
e0bf9eb63e1af0d80f6dfc1071a63a58d3366417,src/main/java,src/test/java
5ebd2e71ee9be6afafa2f3c7195cf3e04c685d90,src/main/java,src/test/java
071441564c8f0ef1b8e5085a19bded8600c0c131,src/main/java,src/test/java
a56c0c9d22c14bf702ff2d2a810b831a63d3c921,src/main/java,src/test/java
8a1866e8204ad1ba13de0ed4fc3afc78f30b7949,src/main/java,src/test/java
7d26d7b805ba72ce4600aec1e6938f0ee6497c8e,src/main/java,src/test/java
0efa55d3639bb35e4b26e75bc9a3fefc3ef5a8b3,src/main/java,src/test/java
9b66e84747131113529f6c59fcc68f27ca33331b,src/main/java,src/test/java
7fc8d59a999343ad900b91135cd2e6adf1dcfea2,src/main/java,src/test/java
155ec35e351a4b6d8a0aa428082866a292a30a22,src/main/java,src/test/java
82b282d1fa51468d1fbe493bb92291bf0b8f8897,src/main/java,src/test/java
a99037f4a8dcf5221c1f0a7ed02760434c55361d,src/main/java,src/test/java
d533883fe8c47e6036eba7a4d2c9ab12251ae777,src/main/java,src/test/java
996937601a1cfe9429a45ca025c1838cad3c3dd0,src/main/java,src/test/java
e405141f06437dd596822df2ec766eec07c783f6,src/main/java,src/test/java
4ac24abb78201b411213f483b7e6582ba4eded17,src/main/java,src/test/java
47daf9cd8545297f173400dcc7589429e0fe6bee,src/main/java,src/test/java
09c18b1c401ae3e2537801e43c9bc8f4494d0eb8,src/main/java,src/test/java
ccd0fc4187f9ce5c0aa3b5390ea15888a5d6bedd,src/main/java,src/test/java
eafae5908fcd11f05a697215b415a9f3f7795d7f,src/main/java,src/test/java
14ac5b24c35dd897fcb50e4ceee5d6900bd46890,src/main/java,src/test/java
dd79fab5dcd5468c2192964f59c69171f6eadd30,src/main/java,src/test/java
bd07ca1654bf3860904f7a027444b385de1370e3,src/main/java,src/test/java
3492fa85177d1b613ddcb3990ff6b7da7b03a8d4,src/main/java,src/test/java
f1f93437b21ffa66e09d39cf27da2ec32467e83a,src/main/java,src/test/java
ab746939fdf8b1caee50c971badba5dd0e8e01f3,src/main/java,src/test/java
db7bffa505d185f4bf0a9dc0bcd451dca72fd924,src/main/java,src/test/java
0659e8c68bf04f48df4f3a337e4372cfdcb2ebc5,src/main/java,src/test/java
6bf85090ad896be9b2da4566002a268a2d6b5159,src/main/java,src/test/java
f64a88645d8407e5b95e37935b9825385c839bca,src/main/java,src/test/java
e697c722a70349c9296f91450268b6ed77090edb,src/main/java,src/test/java
b4db5419b9a1690f16cb0e511bb440eea58a35fe,src/main/java,src/test/java
