a51a732bde9ac5575979dc851ff463cc2f6a9fff,src/main/java,src/test/java
7b25834d224147842d44ff39acb2b4ad2d7a08dd,src/main/java,src/test/java
54b2d09c3bffee2ad1b18df7b9dd8874e5251cd3,src/main/java,src/test/java
4df4e8fae82c29ad626dcc988957d8bc9cd9dede,src/main/java,src/test/java
dfaf4f04526379f8b82a86bc7396ffcd4eab0367,src/main/java,src/test/java
85468e77a121e8a4ded1c935361f88471b6a47b6,src/main/java,src/test/java
5062df3773a571f0729abbd6cb5d738e91644b64,src/main/java,src/test/java
42c4833b211db7b2e6f0a912eab4b347ee4a3101,src/main/java,src/test/java
6b6e29a516888e65821b150a543eedb08993bd02,src/main/java,src/test/java
1665ec12e156332d6d312baa00b08c0d996e4de2,src/main/java,src/test/java
eaa51a5805dcb85ca8564f204e090ec21bab15e2,src/main/java,src/test/java
09ee6bd2a59b78b3f3175bb29daa1dfff05a3dc7,src/main/java,src/test/java
1f78b868fb2cc8db6bce527c43dd85ea3b0ddf83,src/main/java,src/test/java
8c0d4943d65a02c3495a09c35b531902c5a152e8,src/main/java,src/test/java
25d440ba61b27769ec21a212095c946eea2a4580,src/main/java,src/test/java
cd88d044dd4b3ffe7b4d8b9117d5ca789ab82a0b,src/main/java,src/test/java
892308be11bfc7a2b8930459bba43818a135756f,src/main/java,src/test/java
a05ce15c09e43ad1867c449bd1b030b7c8dfa3d3,src/main/java,src/test/java
7138c3daf3b0647866f808532380a98880a1ef7b,src/main/java,src/test/java
ce683a4040efd6635064b7b00970bd9db8c9a47f,src/main/java,src/test/java
7a6db819f957b5b0c8a64207c16a8d49dc923807,src/main/java,src/test/java
83caa864c059ae551358b948321bf21732132d3c,src/main/java,src/test/java
f288cade28787670031c2c02706b0b05ce7c79f8,src/main/java,src/test/java
bee200e750ca1d4d3dca074874fadee045aa9cf2,src/main/java,src/test/java
5c728dc3be87cfcfea4f596178b974f5e2f509e6,src/main/java,src/test/java
ae04af20a77e99a25802ecbe1255151eb9fee7bb,src/main/java,src/test/java
5ff8fa6a2d92985395d7b991bf79f565cb54cb15,src/main/java,src/test/java
2d564bd9093f445857982e5215c4c0cf20c0bf59,src/main/java,src/test/java
b72716107a4a67924a565d8e39873eace1dc76b2,src/main/java,src/test/java
46253da0c2685221b2dcd4eeeb2f36b674ce609e,src/main/java,src/test/java
83179312a5f158323b41cc7388d22f30858e3bbd,src/main/java,src/test/java
cad2083afb75d24101587f38ed0fa4dbd73bc792,src/main/java,src/test/java
306b216ad4d0e08bcd5f5349f9b20951fd27601e,src/main/java,src/test/java
239c62695e6fffea1e6bc33106e54d7d1d4b6a43,src/main/java,src/test/java
07056b39991254df002b0b215ce3afa53ee8014c,src/main/java,src/test/java
6a1e5c462e0c8098aeb3b99e5a0ea248ad6d74c2,src/main/java,src/test/java
83528b6e9f2ebe3452d010eaffc9924fbb39a8d8,src/main/java,src/test/java
02a9ce8a63efc59316eebf87eb944ce576a113cc,src/main/java,src/test/java
c2ffcf2f4f2d48edfda60c22eb8b433ae5b34fbc,src/main/java,src/test/java
e47d43760566d8ba51bbe9091a0bfad04953bd2d,src/main/java,src/test/java
37804d5167017dabebd7f50372520f040d39f9c5,src/main/java,src/test/java
03ee1f8b014bd3f68bb5473a37ecf646107abc86,src/main/java,src/test/java
97ab70cd19696847e8261d309fe2780149adb3e0,src/main/java,src/test/java
7e28f430d8ec15514cbf4c1ba7baec4302a9129f,src/main/java,src/test/java
51a12bd5446f383f103b955b4cf70f464cedb4c9,src/main/java,src/test/java
0266669094bc598a24f27fedf3fb57a5a2959af2,src/main/java,src/test/java
eefb736e13338dec4ba535c446df6f121820444a,src/main/java,src/test/java
67bd0e5e60010f788a0021dc8e29516035480e35,src/main/java,src/test/java
3f0245ddcf536c20a896c07ee09bf5b669caa7e8,src/main/java,src/test/java
badf76426e08b69dae910b34f0147ae8cd640c49,src/main/java,src/test/java
455e1ae02053f8dd1348e7d7ba4e90ae41a7971f,src/main/java,src/test/java
62f53e8ffd3151cc5b5c38e51f411a71805a163c,src/main/java,src/test/java
e5dd223a95c691af35ba05795126b3c2c534c4c2,src/main/java,src/test/java
f9f2be808a23d7250b67639fcdb5ded2a74e73a2,src/main/java,src/test/java
000b076452288d7e981d01060d6f2f828c4af420,src/main/java,src/test/java
c3ec26a69f01c47146c055acee144ec784d26ca0,src/main/java,src/test/java
dd8149a321d1838280b246a77e799c113594a706,src/main/java,src/test/java
44adef188f37f396ba12cecad1826fa1153a59b2,src/main/java,src/test/java
c4d6e3fa0d3e0cbd0fdd19ad39ed8f019363c1e3,src/main/java,src/test/java
81465b61902eb9da8516d75df00322ec111f4929,src/main/java,src/test/java
93fd16a19e6d6787c28db444b89254e5b3d55ce9,src/main/java,src/test/java
d7b9dcba57d85a236af7f849eadbac193ff11622,src/main/java,src/test/java
25e57176178f5af7da236a88fc7604d0a159813b,src/main/java,src/test/java
f54d618b028d59844b09b91ec7c6c10deebbd6e1,src/main/java,src/test/java
05e8d1f573df0ad12d88a93f1b70f1eab679deca,src/main/java,src/test/java
77d239b2180e30b657800be75018e650ac677a7e,src/main/java,src/test/java
c615e2b9391a85425ab86a6789a58eb8267f136c,src/main/java,src/test/java
e00a3b534a68f7771de2384b3753f1c602941d16,src/main/java,src/test/java
5636a1b72fa2e2ac40e2e4c34de9b64a4bed9c3a,src/main/java,src/test/java
5be8cf31ac7dab1ce31bd4859cf474899a27caca,src/main/java,src/test/java
b67a49f21ea87996f3df4a8c89b8dfb9c13f84da,src/main/java,src/test/java
6a571c3b357f4abf766ddc08390d178702f34fdf,src/main/java,src/test/java
812de845017fbbd803598db5dfb84437ac7c4a7b,src/main/java,src/test/java
a90477e4a5d21b5d71012d516c1e7b3d7faf25d5,src/main/java,src/test/java
717ce129d68b85fe6ff290433197eb7ee7ea7be9,src/main/java,src/test/java
56ec6c0598dcfcd27d170883bb10eaa579cb3356,src/main/java,src/test/java
56147eb0dcb8bea8e08a80aacfec54df44536588,src/main/java,src/test/java
39b25845272f24f5d020d3a3eb91c8e2816a606d,src/main/java,src/test/java
10afa12cff21a642d1aa8d5d0bc0309b6be93ca9,src/main/java,src/test/java
e9d67a05484d1cfd02a94351115983c9503e977a,src/main/java,src/test/java
ad3c26aac8b082efb300560b91c5da55111d0071,src/main/java,src/test/java
f908608cfdef7ee0d598a8c13b4a747979c2d754,src/main/java,src/test/java
a21fac03c0be606dc8f35c2f17554f21b0b98b4b,src/main/java,src/test/java
3f2ce0e2b74b1129a565ceed99669ca2043a187a,src/main/java,src/test/java
586dd753e90ee60c4c10bdc5ddeac41782c5f9d1,src/main/java,src/test/java
488165ef0cc9a96a86175b5be7ec17aa113bc4be,src/main/java,src/test/java
6a35595a7a387f8d9daa0a88e3da4ba263fd0865,src/main/java,src/test/java
d4be0eb7a10b805fe10bc0d9fe8febbd8905746f,src/main/java,src/test/java
3738a73fe7c2839f8c9e56c4013e05be948589e8,src/main/java,src/test/java
58a4045490ee5f1f35e18150a039eae7548b429c,src/main/java,src/test/java
4ddad1c3f8a5bb31475b8a1642ae4b2fa57a7370,src/main/java,src/test/java
fde9a7a38b80bc4f51275cfd7e64232ccd2b5973,src/main/java,src/test/java
ad32a17ae6e7c64f3025b98d84bcf52bc8cc8333,src/main/java,src/test/java
67fe4b93811151610756fc4fdf5121a562e723fd,src/main/java,src/test/java
c5f6dea94f33cc865aabf8fb67bd47021d334eed,src/main/java,src/test/java
6fe662848b6e8e5c4fd6e12f0dc9a3f4942f6f23,src/main/java,src/test/java
23ff18c409804ae7432adcd392ce2475b89d6d7f,src/main/java,src/test/java
24c3079003d89d45213217cb50a36171935f70b1,src/main/java,src/test/java
efdc9e6c44ddca8cae65e5f6cf83695a57327724,src/main/java,src/test/java
f05b65050a6cef671de461888d1861fc802bbe84,src/main/java,src/test/java
d5c2c93ba50e17e22d5d5bf6a8cf1926fa649178,src/main/java,src/test/java
fff9cd13266363435b2c6f5714a8502b6257efc9,src/main/java,src/test/java
9ef4520e09840cb4e622752281837cccb2214e4f,src/main/java,src/test/java
e4d2a7022d578532a419a13db28fc6349068a2b4,src/main/java,src/test/java
b18916416b83786b20d742ce9cb072dd3f88ba71,src/main/java,src/test/java
339a2ad19e7bbcec625478515687c10ffa93983a,src/main/java,src/test/java
1a7c2d632158b03b01b38e64e8458452c66d19e0,src/main/java,src/test/java
d106756f315671188cedb2f06c19d15157c2f5de,src/main/java,src/test/java
0fc563d5edf026702a786af850a7471cb450e09d,src/main/java,src/test/java
799c58516a2a6e847dbc1aea373ebceb645479de,src/main/java,src/test/java
a0feaae9d63c66d0cfb770a2c94a395fb62b3534,src/main/java,src/test/java
2ea3c425e62cb0fd8111a510cc0da26e7e18b4a2,src/main/java,src/test/java
43261b15d722d3dc1acd94264f498963a88a2127,src/main/java,src/test/java
7e8ecee50000e8adc3eacdb5ae3dfe797d4f1c1b,src/main/java,src/test/java
46c5ea44da9d2a6739f8f722fa83bef15dfe56f0,src/main/java,src/test/java
cea484334a14500b9f0b4830848f7c918861f8b3,src/main/java,src/test/java
3d338a924b68ad325ebe8150a9a2aaa0ce5d7ae8,src/main/java,src/test/java
a9fe27ec80089749fba4be826c66b5e80a768a8a,src/main/java,src/test/java
77e2ee0cd0960b53da30be898d7f63f74ca83688,src/main/java,src/test/java
a644a5ef2c6d276033bd6d17d9b5420698daf323,src/main/java,src/test/java
49a55bd6d7d383cfd906778576e72f950ad03a3c,src/main/java,src/test/java
84b3e806ded1a2298c2261705cf1e786b6e434a6,src/main/java,src/test/java
bd5cacb50001028d53c8ddba40464bc155a55887,src/main/java,src/test/java
c10a8fa5898619df1bf94eb9d4f5994bbf2a0cee,src/main/java,src/test/java
800a6a1260ef8c59a57a74fc853c4582b63ffb41,src/main/java,src/test/java
66b2073c6c88e0e4e943fc265aeb654307d6395d,src/main/java,src/test/java
c78ee4af91cd3c7637c7d1c9640490a324369f94,src/main/java,src/test/java
92838cd4b77edaf5bf42e86770710e834cd111ad,src/main/java,src/test/java
2c1a233ef01c979fff1648d490d17a12423d50cb,src/main/java,src/test/java
00251bcf47de3381fe9e64a0b2609c77521a817b,src/main/java,src/test/java
322b4c6065149249cdb5f01153ddae81e54cc41d,src/main/java,src/test/java
a27dd36e2e149d430075f6299ecc8ae0f2004e00,src/main/java,src/test/java
0199be2154ced2316b8c8d41aa1e09253c82f011,src/main/java,src/test/java
a6ee851fdfd3e6d2e459c13fa90cfdea0300c94e,src/main/java,src/test/java
606fc702a809e13b86d53418ed7223c634411051,src/main/java,src/test/java
8eca2dff62deb9717ac8f2b6858bffe97624cfbd,src/main/java,src/test/java
896324d62f616f8cf408c6dda34a6753eaa38484,src/main/java,src/test/java
e81b9f6bfbb721b40376a3eb18fdbe2fe35f433d,src/main/java,src/test/java
3ee3ac5c765d14208d02ba264f3c990df1fba700,src/main/java,src/test/java
a69ab4b7e9674c53753b631c97bfa4d6c586108f,src/main/java,src/test/java
40eb7acbbde60e52f960ce8158fb4253d2da537d,src/main/java,src/test/java
f0f28e1dfc74d8be6bc4c8065a043d2ca1e5c0c2,src/main/java,src/test/java
1e338976a488be3bdb1d9476f7344047b8a5130a,src/main/java,src/test/java
5fd453eb47a0207a9bd45a9f0191c9bfbb6df9f0,src/main/java,src/test/java
61df2ddf8d6554019f448f7248a622bd17749473,src/main/java,src/test/java
8b7c2aea2a3567954a67deb157b2dba933f81e12,src/main/java,src/test/java
d8cba54a9808b68cc6227e9db9e14a058eab0e39,src/main/java,src/test/java
ee93ec61303846ada51156572bbd6b2f03c0d6bb,src/main/java,src/test/java
d849b66716077ac04693d69312038ee5cd52734b,src/main/java,src/test/java
7cf9436b5b98063be54d9ad841c14d0746261c09,src/main/java,src/test/java
61bd9f408c54c3aa144f0ad523119a2eb17f0f59,src/main/java,src/test/java
22c075c816944962c1af1c420cfa3400dce87872,src/main/java,src/test/java
7abd8b68c7a01dd9010a0a5b4db481ba17b998d3,src/main/java,src/test/java
5f9eb5f60f2675e28d10bb8877997006bf84acb5,src/main/java,src/test/java
2113b8677f7d1c4e3f78ba2069bbe690d9c8cfd6,src/main/java,src/test/java
ca3eb97600576e0bee9f075b4bda0efdd0f6247d,src/main/java,src/test/java
79cf845a7d4a775c99e3cd48adf6e14802172206,src/main/java,src/test/java
8fd6c8bbd26ca02cd7c64057676c9934c99c03bc,src/main/java,src/test/java
f6b9efc1f4743d7e26c1e53ad9a00548c1ad3d5e,src/main/java,src/test/java
eee0ba18a70e6d6bd51797c70a83cf844f882286,src/main/java,src/test/java
29ebada3c6ad6097f43e40b9fccb596ad4fb2c30,src/main/java,src/test/java
0edb5d52294834938cbb7bca7107c1696bdf2501,src/main/java,src/test/java
f39761f54bdef9254eb82c224a84bc89fcec941f,src/main/java,src/test/java
6abad1cb750244899c6e3b45a7a8bb49fba954db,src/main/java,src/test/java
d5eb0d01a5ee60e3ac0d1e707429625e1c265bfa,src/main/java,src/test/java
a7f6a5df28b85c0778bbda306a685e7c57891481,src/main/java,src/test/java
57cf9696cfd1fb0d4de5842bea050b9aa4026dd0,src/main/java,src/test/java
a33deb4737aa654b3d02c07fd83eea25f0dbce28,src/main/java,src/test/java
d1d8bef163146d3719553f175761b0501628f981,src/main/java,src/test/java
7aaf8edbd8dea5e750fcc6bf731f40bcdc736823,src/main/java,src/test/java
4f8d5dfe4a722925ccb8b4d4e42214f5cc07da87,src/main/java,src/test/java
f0b96ab98437149486771df879a23e5740090f0c,src/main/java,src/test/java
e1e2f28620e2baed8351fea5fa524e98749df55c,src/main/java,src/test/java
7b92b747071f3c44135f29c7e145aeb5b387c97c,src/main/java,src/test/java
29ab795849f87de7687546ad1fe55a8c5aed9f0e,src/main/java,src/test/java
3af1ab2a1e2107a1fd7fd9483e766d0c11a0811e,src/main/java,src/test/java
82955697b5dbdb158030265bf7914eb49aaa7304,src/main/java,src/test/java
b3e8f23915c647e1ed9fdfc006ac886cf60cda41,src/main/java,src/test/java
3d424b8517665b8e32dc793d364a032172c617e5,src/main/java,src/test/java
6d229a74b4a7eb2efc5fce287d932f6b5c250647,src/main/java,src/test/java
2f45933ff9ce22413dcededc5be9a8f48b9942df,src/main/java,src/test/java
